
> piano-ml@2.0.2 prestart
> npm run generate:api


> piano-ml@2.0.2 generate:api
> openapi-generator-cli generate -i ../openapi/api.yaml -g typescript-angular -o src/app/core/api --additional-properties=ngVersion=17.0.0

Download 7.14.0 ...
Downloaded 7.14.0
[main] INFO  o.o.codegen.DefaultGenerator - Generating with dryRun=false
[main] INFO  o.o.codegen.DefaultGenerator - OpenAPI Generator: typescript-angular (client)
[main] INFO  o.o.codegen.DefaultGenerator - Generator 'typescript-angular' is considered stable.
[main] INFO  o.o.c.l.AbstractTypeScriptClientCodegen - Hint: Environment variable 'TS_POST_PROCESS_FILE' (optional) not defined. E.g. to format the source code, please try 'export TS_POST_PROCESS_FILE="/usr/local/bin/prettier --write"' (Linux/Mac)
[main] INFO  o.o.c.l.AbstractTypeScriptClientCodegen - Note: To enable file post-processing, 'enablePostProcessFile' must be set to `true` (--enable-post-process-file for CLI).
[main] INFO  o.o.codegen.InlineModelResolver - Inline schema created as _account_login_post_request. To have complete control of the model name, set the `title` field or use the modelNameMapping option (e.g. --model-name-mappings _account_login_post_request=NewModel,ModelA=NewModelA in CLI) or inlineSchemaNameMapping option (--inline-schema-name-mappings _account_login_post_request=NewModel,ModelA=NewModelA in CLI).
[main] INFO  o.o.codegen.InlineModelResolver - Inline schema created as _account_login_post_200_response. To have complete control of the model name, set the `title` field or use the modelNameMapping option (e.g. --model-name-mappings _account_login_post_200_response=NewModel,ModelA=NewModelA in CLI) or inlineSchemaNameMapping option (--inline-schema-name-mappings _account_login_post_200_response=NewModel,ModelA=NewModelA in CLI).
[main] INFO  o.o.codegen.InlineModelResolver - Inline schema created as accountCreatePost_request. To have complete control of the model name, set the `title` field or use the modelNameMapping option (e.g. --model-name-mappings accountCreatePost_request=NewModel,ModelA=NewModelA in CLI) or inlineSchemaNameMapping option (--inline-schema-name-mappings accountCreatePost_request=NewModel,ModelA=NewModelA in CLI).
[main] INFO  o.o.codegen.InlineModelResolver - Inline schema created as accountPasswordResetPost_request. To have complete control of the model name, set the `title` field or use the modelNameMapping option (e.g. --model-name-mappings accountPasswordResetPost_request=NewModel,ModelA=NewModelA in CLI) or inlineSchemaNameMapping option (--inline-schema-name-mappings accountPasswordResetPost_request=NewModel,ModelA=NewModelA in CLI).
[main] INFO  o.o.codegen.InlineModelResolver - Inline schema created as accountTokenRenewGet_200_response. To have complete control of the model name, set the `title` field or use the modelNameMapping option (e.g. --model-name-mappings accountTokenRenewGet_200_response=NewModel,ModelA=NewModelA in CLI) or inlineSchemaNameMapping option (--inline-schema-name-mappings accountTokenRenewGet_200_response=NewModel,ModelA=NewModelA in CLI).
[main] INFO  o.o.codegen.InlineModelResolver - Inline schema created as scoreStatsGet_200_response. To have complete control of the model name, set the `title` field or use the modelNameMapping option (e.g. --model-name-mappings scoreStatsGet_200_response=NewModel,ModelA=NewModelA in CLI) or inlineSchemaNameMapping option (--inline-schema-name-mappings scoreStatsGet_200_response=NewModel,ModelA=NewModelA in CLI).
[main] INFO  o.o.codegen.InlineModelResolver - Inline schema created as scorePlayStatsPost_request_assessment. To have complete control of the model name, set the `title` field or use the modelNameMapping option (e.g. --model-name-mappings scorePlayStatsPost_request_assessment=NewModel,ModelA=NewModelA in CLI) or inlineSchemaNameMapping option (--inline-schema-name-mappings scorePlayStatsPost_request_assessment=NewModel,ModelA=NewModelA in CLI).
[main] INFO  o.o.codegen.InlineModelResolver - Inline schema created as scorePlayStatsPost_request. To have complete control of the model name, set the `title` field or use the modelNameMapping option (e.g. --model-name-mappings scorePlayStatsPost_request=NewModel,ModelA=NewModelA in CLI) or inlineSchemaNameMapping option (--inline-schema-name-mappings scorePlayStatsPost_request=NewModel,ModelA=NewModelA in CLI).
[main] INFO  o.o.codegen.InlineModelResolver - Inline schema created as scoreGenreBrowseGet_200_response_inner. To have complete control of the model name, set the `title` field or use the modelNameMapping option (e.g. --model-name-mappings scoreGenreBrowseGet_200_response_inner=NewModel,ModelA=NewModelA in CLI) or inlineSchemaNameMapping option (--inline-schema-name-mappings scoreGenreBrowseGet_200_response_inner=NewModel,ModelA=NewModelA in CLI).
[main] INFO  o.o.codegen.InlineModelResolver - Inline schema created as MusicBrainzService_life_span. To have complete control of the model name, set the `title` field or use the modelNameMapping option (e.g. --model-name-mappings MusicBrainzService_life_span=NewModel,ModelA=NewModelA in CLI) or inlineSchemaNameMapping option (--inline-schema-name-mappings MusicBrainzService_life_span=NewModel,ModelA=NewModelA in CLI).
[main] INFO  o.o.codegen.InlineModelResolver - Inline schema created as AllWorksApiInfo_works_inner_relations_inner_artist. To have complete control of the model name, set the `title` field or use the modelNameMapping option (e.g. --model-name-mappings AllWorksApiInfo_works_inner_relations_inner_artist=NewModel,ModelA=NewModelA in CLI) or inlineSchemaNameMapping option (--inline-schema-name-mappings AllWorksApiInfo_works_inner_relations_inner_artist=NewModel,ModelA=NewModelA in CLI).
[main] INFO  o.o.codegen.InlineModelResolver - Inline schema created as AllWorksApiInfo_works_inner_relations_inner. To have complete control of the model name, set the `title` field or use the modelNameMapping option (e.g. --model-name-mappings AllWorksApiInfo_works_inner_relations_inner=NewModel,ModelA=NewModelA in CLI) or inlineSchemaNameMapping option (--inline-schema-name-mappings AllWorksApiInfo_works_inner_relations_inner=NewModel,ModelA=NewModelA in CLI).
[main] INFO  o.o.codegen.InlineModelResolver - Inline schema created as AllWorksApiInfo_works_inner. To have complete control of the model name, set the `title` field or use the modelNameMapping option (e.g. --model-name-mappings AllWorksApiInfo_works_inner=NewModel,ModelA=NewModelA in CLI) or inlineSchemaNameMapping option (--inline-schema-name-mappings AllWorksApiInfo_works_inner=NewModel,ModelA=NewModelA in CLI).
[main] INFO  o.o.codegen.InlineModelResolver - Inline schema created as ErrorApiInfo_error. To have complete control of the model name, set the `title` field or use the modelNameMapping option (e.g. --model-name-mappings ErrorApiInfo_error=NewModel,ModelA=NewModelA in CLI) or inlineSchemaNameMapping option (--inline-schema-name-mappings ErrorApiInfo_error=NewModel,ModelA=NewModelA in CLI).
[main] INFO  o.o.codegen.TemplateManager - writing file /app/frontend/src/app/core/api/model/./accountCreatePostRequest.ts
[main] INFO  o.o.codegen.TemplateManager - writing file /app/frontend/src/app/core/api/model/./accountLoginPost200Response.ts
[main] INFO  o.o.codegen.TemplateManager - writing file /app/frontend/src/app/core/api/model/./accountLoginPostRequest.ts
[main] INFO  o.o.codegen.TemplateManager - writing file /app/frontend/src/app/core/api/model/./accountPasswordResetPostRequest.ts
[main] INFO  o.o.codegen.TemplateManager - writing file /app/frontend/src/app/core/api/model/./accountTokenRenewGet200Response.ts
[main] INFO  o.o.codegen.TemplateManager - writing file /app/frontend/src/app/core/api/model/./allWorksApiInfo.ts
[main] INFO  o.o.codegen.TemplateManager - writing file /app/frontend/src/app/core/api/model/./allWorksApiInfoWorksInner.ts
[main] INFO  o.o.codegen.TemplateManager - writing file /app/frontend/src/app/core/api/model/./allWorksApiInfoWorksInnerRelationsInner.ts
[main] INFO  o.o.codegen.TemplateManager - writing file /app/frontend/src/app/core/api/model/./allWorksApiInfoWorksInnerRelationsInnerArtist.ts
[main] INFO  o.o.codegen.TemplateManager - writing file /app/frontend/src/app/core/api/model/./authorApiInfo.ts
[main] INFO  o.o.codegen.TemplateManager - writing file /app/frontend/src/app/core/api/model/./authorWithScoreCount.ts
[main] INFO  o.o.codegen.TemplateManager - writing file /app/frontend/src/app/core/api/model/./errorApiInfo.ts
[main] INFO  o.o.codegen.TemplateManager - writing file /app/frontend/src/app/core/api/model/./errorApiInfoError.ts
[main] INFO  o.o.codegen.TemplateManager - writing file /app/frontend/src/app/core/api/model/./genreApiInfo.ts
[main] INFO  o.o.codegen.TemplateManager - writing file /app/frontend/src/app/core/api/model/./genreTreeNode.ts
[main] INFO  o.o.codegen.TemplateManager - writing file /app/frontend/src/app/core/api/model/./genreTreeUpdate.ts
[main] INFO  o.o.codegen.TemplateManager - writing file /app/frontend/src/app/core/api/model/./harmonyEntry.ts
[main] INFO  o.o.codegen.TemplateManager - writing file /app/frontend/src/app/core/api/model/./mbAuthorApiInfo.ts
[main] INFO  o.o.codegen.TemplateManager - writing file /app/frontend/src/app/core/api/model/./musicBrainzService.ts
[main] INFO  o.o.codegen.TemplateManager - writing file /app/frontend/src/app/core/api/model/./musicBrainzServiceLifeSpan.ts
[main] INFO  o.o.codegen.TemplateManager - writing file /app/frontend/src/app/core/api/model/./scoreApiInfo.ts
[main] INFO  o.o.codegen.TemplateManager - writing file /app/frontend/src/app/core/api/model/./scoreGenreBrowseGet200ResponseInner.ts
[main] INFO  o.o.codegen.TemplateManager - writing file /app/frontend/src/app/core/api/model/./scorePlayStatsPostRequest.ts
[main] INFO  o.o.codegen.TemplateManager - writing file /app/frontend/src/app/core/api/model/./scorePlayStatsPostRequestAssessment.ts
[main] INFO  o.o.codegen.TemplateManager - writing file /app/frontend/src/app/core/api/model/./scoreStatsGet200Response.ts
[main] INFO  o.o.codegen.TemplateManager - writing file /app/frontend/src/app/core/api/model/./userApiInfo.ts
[main] INFO  o.o.codegen.TemplateManager - writing file /app/frontend/src/app/core/api/model/./workloadApiInfo.ts
[main] INFO  o.o.codegen.TemplateManager - writing file /app/frontend/src/app/core/api/model/./youtubeLink.ts
[main] WARN  o.o.codegen.DefaultCodegen - Empty operationId found for path: post /account/login. Renamed to auto-generated operationId: accountLoginPost
[main] WARN  o.o.codegen.utils.ExamplesUtils - No application/json content media type found in response. Response examples can currently only be generated for application/json media type.
[main] WARN  o.o.codegen.DefaultCodegen - Empty operationId found for path: get /genre_tree. Renamed to auto-generated operationId: genre_treeGet
[main] INFO  o.o.codegen.TemplateManager - writing file /app/frontend/src/app/core/api/api/account.service.ts
[main] INFO  o.o.codegen.TemplateManager - writing file /app/frontend/src/app/core/api/api/author.service.ts
[main] INFO  o.o.codegen.TemplateManager - writing file /app/frontend/src/app/core/api/api/genre.service.ts
[main] INFO  o.o.codegen.TemplateManager - writing file /app/frontend/src/app/core/api/api/genreTree.service.ts
[main] INFO  o.o.codegen.TemplateManager - writing file /app/frontend/src/app/core/api/api/musicbrainz.service.ts
[main] INFO  o.o.codegen.TemplateManager - writing file /app/frontend/src/app/core/api/api/score.service.ts
[main] INFO  o.o.codegen.TemplateManager - writing file /app/frontend/src/app/core/api/api/workload.service.ts
[main] INFO  o.o.codegen.TemplateManager - writing file /app/frontend/src/app/core/api/model/models.ts
[main] INFO  o.o.codegen.TemplateManager - writing file /app/frontend/src/app/core/api/api/api.ts
[main] INFO  o.o.codegen.TemplateManager - writing file /app/frontend/src/app/core/api/index.ts
[main] INFO  o.o.codegen.TemplateManager - writing file /app/frontend/src/app/core/api/api.module.ts
[main] INFO  o.o.codegen.TemplateManager - writing file /app/frontend/src/app/core/api/provide-api.ts
[main] INFO  o.o.codegen.TemplateManager - writing file /app/frontend/src/app/core/api/configuration.ts
[main] INFO  o.o.codegen.TemplateManager - writing file /app/frontend/src/app/core/api/api.base.service.ts
[main] INFO  o.o.codegen.TemplateManager - writing file /app/frontend/src/app/core/api/variables.ts
[main] INFO  o.o.codegen.TemplateManager - writing file /app/frontend/src/app/core/api/encoder.ts
[main] INFO  o.o.codegen.TemplateManager - writing file /app/frontend/src/app/core/api/param.ts
[main] INFO  o.o.codegen.TemplateManager - writing file /app/frontend/src/app/core/api/.gitignore
[main] INFO  o.o.codegen.TemplateManager - writing file /app/frontend/src/app/core/api/git_push.sh
[main] INFO  o.o.codegen.TemplateManager - writing file /app/frontend/src/app/core/api/README.md
[main] INFO  o.o.codegen.TemplateManager - Skipped /app/frontend/src/app/core/api/.openapi-generator-ignore (Skipped by supportingFiles options supplied by user.)
[main] INFO  o.o.codegen.TemplateManager - writing file /app/frontend/src/app/core/api/.openapi-generator/VERSION
[main] INFO  o.o.codegen.TemplateManager - writing file /app/frontend/src/app/core/api/.openapi-generator/FILES
############################################################################################
# Thanks for using OpenAPI Generator.                                                      #
# We appreciate your support! Please consider donation to help us maintain this project.   #
# https://opencollective.com/openapi_generator/donate                                      #
############################################################################################

> piano-ml@2.0.2 start
> BASE_PATH='http://localhost:8080' ng serve --proxy-config proxy.conf.json

❯ Building...
✔ Building...
Browser bundles
Initial chunk files  | Names                |  Raw size
main.js              | main                 | 154.34 kB |
styles.css           | styles               |  64.66 kB |
chunk-F6TCGRLD.js    | -                    |  49.40 kB |
chunk-4B3Y7WPC.js    | -                    |  39.20 kB |
chunk-HAM6CS4K.js    | -                    |   6.33 kB |
chunk-EVSPGG2W.js    | -                    |   1.64 kB |
polyfills.js         | polyfills            |  95 bytes |

                     | Initial total        | 315.65 kB

Lazy chunk files     | Names                |  Raw size
chunk-KHJP4J7P.js    | desktop-module       | 392.69 kB |
chunk-33LK3IAO.js    | import-module        | 209.81 kB |
chunk-6753EVNR.js    | home-module          | 181.81 kB |
chunk-N3WRKKUW.js    | account-module       | 163.86 kB |
chunk-3K5KGYUA.js    | -                    | 158.48 kB |
chunk-XYAQZXYZ.js    | library-module       | 110.46 kB |
chunk-INHAK32O.js    | exercises-module     |  68.40 kB |
chunk-EENVCZ3T.js    | score-info-component |  54.75 kB |
chunk-WN3526RP.js    | -                    |  29.97 kB |
chunk-QEST4XZZ.js    | -                    |  29.20 kB |
chunk-CFKOC5XS.js    | -                    |  21.90 kB |
chunk-ANOGRQKH.js    | blog-module          |  21.89 kB |
chunk-BJCY5I3V.js    | -                    |  15.87 kB |
chunk-TX5X3FN5.js    | -                    |   4.63 kB |
chunk-AOHW4U4U.js    | error-component      |   4.26 kB |
...and 2 more lazy chunks files. Use "--verbose" to show all the files.


Server bundles
Initial chunk files  | Names                |  Raw size
main.server.mjs      | main.server          | 156.86 kB |
chunk-H4AAPKB4.mjs   | -                    |  49.43 kB |
chunk-MHYHXALL.mjs   | -                    |  39.23 kB |
chunk-SEINOXSH.mjs   | -                    |   6.36 kB |
server.mjs           | server               |   2.40 kB |
chunk-3ODA65P6.mjs   | -                    |   1.67 kB |
polyfills.server.mjs | polyfills.server     | 291 bytes |

Lazy chunk files     | Names                |  Raw size
chunk-7UDQPFOI.mjs   | desktop-module       | 392.73 kB |
chunk-76QNDNEP.mjs   | import-module        | 209.84 kB |
chunk-YONUP2VR.mjs   | home-module          | 181.84 kB |
chunk-MUHEDYT2.mjs   | account-module       | 163.90 kB |
chunk-WITYO2WC.mjs   | -                    | 158.51 kB |
chunk-RGFI5V3W.mjs   | library-module       | 110.50 kB |
chunk-IZXKUMA7.mjs   | exercises-module     |  68.44 kB |
chunk-5JQWXK23.mjs   | score-info-component |  54.79 kB |
chunk-EEPIVQUH.mjs   | -                    |  30.00 kB |
chunk-EBPDQQAB.mjs   | -                    |  29.23 kB |
chunk-J6MC4BHY.mjs   | -                    |  21.94 kB |
chunk-ELRVMA4J.mjs   | blog-module          |  21.92 kB |
chunk-N7QCVXAW.mjs   | -                    |  15.90 kB |
chunk-BQ6VYV7D.mjs   | -                    |   4.67 kB |
chunk-WEXLM2R6.mjs   | error-component      |   4.30 kB |
...and 2 more lazy chunks files. Use "--verbose" to show all the files.

Application bundle generation complete. [12.527 seconds] - 2026-04-09T19:59:01.125Z

Watch mode enabled. Watching for file changes...
NOTE: Raw file sizes do not reflect development server per-request transformations.
  ➜  Local:   http://localhost:4200/
Node Express server started
request / [Function: status]
[ROUTER SERVER EVENT] NavigationStart {
  id: 1,
  url: '/',
  type: 0,
  navigationTrigger: 'imperative',
  restoredState: null
}
[ROUTER SERVER] NavigationStart trigger: imperative restoredState: null
[ROUTER SERVER] url: /
[ROUTER SERVER EVENT] RouteConfigLoadStart {
  route: {
    component: [class _LayoutComponent] {
      'ɵfac': [Function: LayoutComponent_Factory],
      'ɵcmp': [Object],
      decorators: [Array],
      ctorParameters: [Function (anonymous)]
    },
    path: '',
    loadChildren: [Function: loadChildren],
    data: { breadcrumb: 'Home' },
    'ɵentryName': 'src/app/home/home.module.ts'
  },
  type: 9
}
[ROUTER SERVER EVENT] RouteConfigLoadEnd {
  route: {
    component: [class _LayoutComponent] {
      'ɵfac': [Function: LayoutComponent_Factory],
      'ɵcmp': [Object],
      decorators: [Array],
      ctorParameters: [Function (anonymous)]
    },
    path: '',
    loadChildren: [Function: loadChildren],
    data: { breadcrumb: 'Home' },
    'ɵentryName': 'src/app/home/home.module.ts'
  },
  type: 10
}
[ROUTER SERVER EVENT] RoutesRecognized {
  id: 1,
  url: '/',
  urlAfterRedirects: '/',
  state: RouterStateSnapshot {
    _root: TreeNode { value: [ActivatedRouteSnapshot], children: [Array] },
    url: '/'
  },
  type: 4
}
[ROUTER SERVER] url: /
[ROUTER SERVER] urlAfterRedirects: /
[ROUTER SERVER EVENT] GuardsCheckStart {
  id: 1,
  url: '/',
  urlAfterRedirects: '/',
  state: RouterStateSnapshot {
    _root: TreeNode { value: [ActivatedRouteSnapshot], children: [Array] },
    url: '/'
  },
  type: 7
}
[ROUTER SERVER] url: /
[ROUTER SERVER] urlAfterRedirects: /
[ROUTER SERVER EVENT] ChildActivationStart {
  snapshot: ActivatedRouteSnapshot {
    url: [],
    params: {},
    queryParams: {},
    fragment: null,
    data: {},
    outlet: 'primary',
    component: null,
    routeConfig: null,
    _resolve: {},
    _resolvedData: undefined,
    _routerState: RouterStateSnapshot { _root: [TreeNode], url: '/' },
    _paramMap: undefined,
    _queryParamMap: undefined,
    _environmentInjector: R3Injector {
      parent: [R3Injector],
      source: 'Environment Injector',
      scopes: [Set],
      records: [Map],
      _ngOnDestroyHooks: [Set],
      _onDestroyHooks: [Array],
      _destroyed: false,
      injectorDefTypes: Set(0) {}
    }
  },
  type: 11
}
[ROUTER SERVER EVENT] ActivationStart {
  snapshot: ActivatedRouteSnapshot {
    url: [],
    params: {},
    queryParams: {},
    fragment: null,
    data: { breadcrumb: 'Home' },
    outlet: 'primary',
    component: [class _LayoutComponent] {
      'ɵfac': [Function: LayoutComponent_Factory],
      'ɵcmp': [Object],
      decorators: [Array],
      ctorParameters: [Function (anonymous)]
    },
    routeConfig: {
      component: [Function],
      path: '',
      loadChildren: [Function: loadChildren],
      data: [Object],
      'ɵentryName': 'src/app/home/home.module.ts',
      _loadedRoutes: [Array],
      _loadedInjector: [R3Injector],
      _loadedNgModuleFactory: [NgModuleFactory2]
    },
    _resolve: {},
    _resolvedData: undefined,
    _routerState: RouterStateSnapshot { _root: [TreeNode], url: '/' },
    _paramMap: undefined,
    _queryParamMap: undefined,
    _environmentInjector: R3Injector {
      parent: [R3Injector],
      source: 'Environment Injector',
      scopes: [Set],
      records: [Map],
      _ngOnDestroyHooks: [Set],
      _onDestroyHooks: [Array],
      _destroyed: false,
      injectorDefTypes: Set(0) {}
    }
  },
  type: 13
}
[ROUTER SERVER EVENT] ChildActivationStart {
  snapshot: ActivatedRouteSnapshot {
    url: [],
    params: {},
    queryParams: {},
    fragment: null,
    data: { breadcrumb: 'Home' },
    outlet: 'primary',
    component: [class _LayoutComponent] {
      'ɵfac': [Function: LayoutComponent_Factory],
      'ɵcmp': [Object],
      decorators: [Array],
      ctorParameters: [Function (anonymous)]
    },
    routeConfig: {
      component: [Function],
      path: '',
      loadChildren: [Function: loadChildren],
      data: [Object],
      'ɵentryName': 'src/app/home/home.module.ts',
      _loadedRoutes: [Array],
      _loadedInjector: [R3Injector],
      _loadedNgModuleFactory: [NgModuleFactory2]
    },
    _resolve: {},
    _resolvedData: undefined,
    _routerState: RouterStateSnapshot { _root: [TreeNode], url: '/' },
    _paramMap: undefined,
    _queryParamMap: undefined,
    _environmentInjector: R3Injector {
      parent: [R3Injector],
      source: 'Environment Injector',
      scopes: [Set],
      records: [Map],
      _ngOnDestroyHooks: [Set],
      _onDestroyHooks: [Array],
      _destroyed: false,
      injectorDefTypes: Set(0) {}
    }
  },
  type: 11
}
[ROUTER SERVER EVENT] ActivationStart {
  snapshot: ActivatedRouteSnapshot {
    url: [],
    params: {},
    queryParams: {},
    fragment: null,
    data: { breadcrumb: 'Home' },
    outlet: 'primary',
    component: [class _HomeComponent] {
      'ɵfac': [Function: HomeComponent_Factory],
      'ɵcmp': [Object],
      decorators: [Array],
      ctorParameters: [Function (anonymous)],
      propDecorators: [Object]
    },
    routeConfig: { path: '', component: [Function] },
    _resolve: {},
    _resolvedData: undefined,
    _routerState: RouterStateSnapshot { _root: [TreeNode], url: '/' },
    _paramMap: undefined,
    _queryParamMap: undefined,
    _environmentInjector: R3Injector {
      parent: [R3Injector],
      source: '_HomeModule',
      scopes: [Set],
      records: [Map],
      _ngOnDestroyHooks: Set(0) {},
      _onDestroyHooks: [],
      _destroyed: false,
      injectorDefTypes: [Set]
    }
  },
  type: 13
}
[ROUTER SERVER EVENT] GuardsCheckEnd {
  id: 1,
  url: '/',
  urlAfterRedirects: '/',
  state: RouterStateSnapshot {
    _root: TreeNode { value: [ActivatedRouteSnapshot], children: [Array] },
    url: '/'
  },
  shouldActivate: true,
  type: 8
}
[ROUTER SERVER] url: /
[ROUTER SERVER] urlAfterRedirects: /
[ROUTER SERVER EVENT] ResolveStart {
  id: 1,
  url: '/',
  urlAfterRedirects: '/',
  state: RouterStateSnapshot {
    _root: TreeNode { value: [ActivatedRouteSnapshot], children: [Array] },
    url: '/'
  },
  type: 5
}
[ROUTER SERVER] url: /
[ROUTER SERVER] urlAfterRedirects: /
[ROUTER SERVER EVENT] ResolveEnd {
  id: 1,
  url: '/',
  urlAfterRedirects: '/',
  state: RouterStateSnapshot {
    _root: TreeNode { value: [ActivatedRouteSnapshot], children: [Array] },
    url: '/'
  },
  type: 6
}
[ROUTER SERVER] url: /
[ROUTER SERVER] urlAfterRedirects: /
NG02801: Angular detected that `HttpClient` is not configured to use `fetch` APIs. It's strongly recommended to enable `fetch` for applications that use Server-Side Rendering for better performance and compatibility. To enable `fetch`, add the `withFetch()` to the `provideHttpClient()` call at the root of the application.
[ROUTER SERVER EVENT] ActivationEnd {
  snapshot: ActivatedRouteSnapshot {
    url: [],
    params: {},
    queryParams: {},
    fragment: null,
    data: { breadcrumb: 'Home' },
    outlet: 'primary',
    component: [class _HomeComponent] {
      'ɵfac': [Function: HomeComponent_Factory],
      'ɵcmp': [Object],
      decorators: [Array],
      ctorParameters: [Function (anonymous)],
      propDecorators: [Object]
    },
    routeConfig: { path: '', component: [Function] },
    _resolve: {},
    _resolvedData: {},
    _routerState: RouterStateSnapshot { _root: [TreeNode], url: '/' },
    _paramMap: undefined,
    _queryParamMap: undefined,
    _environmentInjector: R3Injector {
      parent: [R3Injector],
      source: '_HomeModule',
      scopes: [Set],
      records: [Map],
      _ngOnDestroyHooks: Set(0) {},
      _onDestroyHooks: [],
      _destroyed: false,
      injectorDefTypes: [Set]
    }
  },
  type: 14
}
[ROUTER SERVER EVENT] ChildActivationEnd {
  snapshot: ActivatedRouteSnapshot {
    url: [],
    params: {},
    queryParams: {},
    fragment: null,
    data: { breadcrumb: 'Home' },
    outlet: 'primary',
    component: [class _LayoutComponent] {
      'ɵfac': [Function: LayoutComponent_Factory],
      'ɵcmp': [Object],
      decorators: [Array],
      ctorParameters: [Function (anonymous)],
      __NG_ELEMENT_ID__: 3
    },
    routeConfig: {
      component: [Function],
      path: '',
      loadChildren: [Function: loadChildren],
      data: [Object],
      'ɵentryName': 'src/app/home/home.module.ts',
      _loadedRoutes: [Array],
      _loadedInjector: [R3Injector],
      _loadedNgModuleFactory: [NgModuleFactory2]
    },
    _resolve: {},
    _resolvedData: {},
    _routerState: RouterStateSnapshot { _root: [TreeNode], url: '/' },
    _paramMap: undefined,
    _queryParamMap: undefined,
    _environmentInjector: R3Injector {
      parent: [R3Injector],
      source: 'Environment Injector',
      scopes: [Set],
      records: [Map],
      _ngOnDestroyHooks: [Set],
      _onDestroyHooks: [Array],
      _destroyed: false,
      injectorDefTypes: Set(0) {}
    }
  },
  type: 12
}
[ROUTER SERVER EVENT] ActivationEnd {
  snapshot: ActivatedRouteSnapshot {
    url: [],
    params: {},
    queryParams: {},
    fragment: null,
    data: { breadcrumb: 'Home' },
    outlet: 'primary',
    component: [class _LayoutComponent] {
      'ɵfac': [Function: LayoutComponent_Factory],
      'ɵcmp': [Object],
      decorators: [Array],
      ctorParameters: [Function (anonymous)],
      __NG_ELEMENT_ID__: 3
    },
    routeConfig: {
      component: [Function],
      path: '',
      loadChildren: [Function: loadChildren],
      data: [Object],
      'ɵentryName': 'src/app/home/home.module.ts',
      _loadedRoutes: [Array],
      _loadedInjector: [R3Injector],
      _loadedNgModuleFactory: [NgModuleFactory2]
    },
    _resolve: {},
    _resolvedData: {},
    _routerState: RouterStateSnapshot { _root: [TreeNode], url: '/' },
    _paramMap: undefined,
    _queryParamMap: undefined,
    _environmentInjector: R3Injector {
      parent: [R3Injector],
      source: 'Environment Injector',
      scopes: [Set],
      records: [Map],
      _ngOnDestroyHooks: [Set],
      _onDestroyHooks: [Array],
      _destroyed: false,
      injectorDefTypes: Set(0) {}
    }
  },
  type: 14
}
[ROUTER SERVER EVENT] ChildActivationEnd {
  snapshot: ActivatedRouteSnapshot {
    url: [],
    params: {},
    queryParams: {},
    fragment: null,
    data: {},
    outlet: 'primary',
    component: null,
    routeConfig: null,
    _resolve: {},
    _resolvedData: undefined,
    _routerState: RouterStateSnapshot { _root: [TreeNode], url: '/' },
    _paramMap: undefined,
    _queryParamMap: undefined,
    _environmentInjector: R3Injector {
      parent: [R3Injector],
      source: 'Environment Injector',
      scopes: [Set],
      records: [Map],
      _ngOnDestroyHooks: [Set],
      _onDestroyHooks: [Array],
      _destroyed: false,
      injectorDefTypes: Set(0) {}
    }
  },
  type: 12
}
[ROUTER SERVER EVENT] NavigationEnd { id: 1, url: '/', urlAfterRedirects: '/', type: 1 }
[ROUTER SERVER] url: /
[ROUTER SERVER] urlAfterRedirects: /
[ROUTER SERVER EVENT] Scroll {
  routerEvent: NavigationEnd { id: 1, url: '/', urlAfterRedirects: '/', type: 1 },
  position: null,
  anchor: null,
  scrollBehavior: undefined,
  type: 15
}
request /account/userinfo [Function: status]
request /account/userinfo [Function: status]
request / [Function: status]
[ROUTER SERVER EVENT] NavigationStart {
  id: 1,
  url: '/',
  type: 0,
  navigationTrigger: 'imperative',
  restoredState: null
}
[ROUTER SERVER] NavigationStart trigger: imperative restoredState: null
[ROUTER SERVER] url: /
[ROUTER SERVER EVENT] RouteConfigLoadStart {
  route: {
    component: [class _LayoutComponent] {
      'ɵfac': [Function: LayoutComponent_Factory],
      'ɵcmp': [Object],
      decorators: [Array],
      ctorParameters: [Function (anonymous)],
      __NG_ELEMENT_ID__: 3
    },
    path: '',
    loadChildren: [Function: loadChildren],
    data: { breadcrumb: 'Home' },
    'ɵentryName': 'src/app/home/home.module.ts'
  },
  type: 9
}
[ROUTER SERVER EVENT] RouteConfigLoadEnd {
  route: {
    component: [class _LayoutComponent] {
      'ɵfac': [Function: LayoutComponent_Factory],
      'ɵcmp': [Object],
      decorators: [Array],
      ctorParameters: [Function (anonymous)],
      __NG_ELEMENT_ID__: 3
    },
    path: '',
    loadChildren: [Function: loadChildren],
    data: { breadcrumb: 'Home' },
    'ɵentryName': 'src/app/home/home.module.ts'
  },
  type: 10
}
[ROUTER SERVER EVENT] RoutesRecognized {
  id: 1,
  url: '/',
  urlAfterRedirects: '/',
  state: RouterStateSnapshot {
    _root: TreeNode { value: [ActivatedRouteSnapshot], children: [Array] },
    url: '/'
  },
  type: 4
}
[ROUTER SERVER] url: /
[ROUTER SERVER] urlAfterRedirects: /
[ROUTER SERVER EVENT] GuardsCheckStart {
  id: 1,
  url: '/',
  urlAfterRedirects: '/',
  state: RouterStateSnapshot {
    _root: TreeNode { value: [ActivatedRouteSnapshot], children: [Array] },
    url: '/'
  },
  type: 7
}
[ROUTER SERVER] url: /
[ROUTER SERVER] urlAfterRedirects: /
[ROUTER SERVER EVENT] ChildActivationStart {
  snapshot: ActivatedRouteSnapshot {
    url: [],
    params: {},
    queryParams: {},
    fragment: null,
    data: {},
    outlet: 'primary',
    component: null,
    routeConfig: null,
    _resolve: {},
    _resolvedData: undefined,
    _routerState: RouterStateSnapshot { _root: [TreeNode], url: '/' },
    _paramMap: undefined,
    _queryParamMap: undefined,
    _environmentInjector: R3Injector {
      parent: [R3Injector],
      source: 'Environment Injector',
      scopes: [Set],
      records: [Map],
      _ngOnDestroyHooks: [Set],
      _onDestroyHooks: [Array],
      _destroyed: false,
      injectorDefTypes: Set(0) {}
    }
  },
  type: 11
}
[ROUTER SERVER EVENT] ActivationStart {
  snapshot: ActivatedRouteSnapshot {
    url: [],
    params: {},
    queryParams: {},
    fragment: null,
    data: { breadcrumb: 'Home' },
    outlet: 'primary',
    component: [class _LayoutComponent] {
      'ɵfac': [Function: LayoutComponent_Factory],
      'ɵcmp': [Object],
      decorators: [Array],
      ctorParameters: [Function (anonymous)],
      __NG_ELEMENT_ID__: 3
    },
    routeConfig: {
      component: [Function],
      path: '',
      loadChildren: [Function: loadChildren],
      data: [Object],
      'ɵentryName': 'src/app/home/home.module.ts',
      _loadedRoutes: [Array],
      _loadedInjector: [R3Injector],
      _loadedNgModuleFactory: [NgModuleFactory2]
    },
    _resolve: {},
    _resolvedData: undefined,
    _routerState: RouterStateSnapshot { _root: [TreeNode], url: '/' },
    _paramMap: undefined,
    _queryParamMap: undefined,
    _environmentInjector: R3Injector {
      parent: [R3Injector],
      source: 'Environment Injector',
      scopes: [Set],
      records: [Map],
      _ngOnDestroyHooks: [Set],
      _onDestroyHooks: [Array],
      _destroyed: false,
      injectorDefTypes: Set(0) {}
    }
  },
  type: 13
}
[ROUTER SERVER EVENT] ChildActivationStart {
  snapshot: ActivatedRouteSnapshot {
    url: [],
    params: {},
    queryParams: {},
    fragment: null,
    data: { breadcrumb: 'Home' },
    outlet: 'primary',
    component: [class _LayoutComponent] {
      'ɵfac': [Function: LayoutComponent_Factory],
      'ɵcmp': [Object],
      decorators: [Array],
      ctorParameters: [Function (anonymous)],
      __NG_ELEMENT_ID__: 3
    },
    routeConfig: {
      component: [Function],
      path: '',
      loadChildren: [Function: loadChildren],
      data: [Object],
      'ɵentryName': 'src/app/home/home.module.ts',
      _loadedRoutes: [Array],
      _loadedInjector: [R3Injector],
      _loadedNgModuleFactory: [NgModuleFactory2]
    },
    _resolve: {},
    _resolvedData: undefined,
    _routerState: RouterStateSnapshot { _root: [TreeNode], url: '/' },
    _paramMap: undefined,
    _queryParamMap: undefined,
    _environmentInjector: R3Injector {
      parent: [R3Injector],
      source: 'Environment Injector',
      scopes: [Set],
      records: [Map],
      _ngOnDestroyHooks: [Set],
      _onDestroyHooks: [Array],
      _destroyed: false,
      injectorDefTypes: Set(0) {}
    }
  },
  type: 11
}
[ROUTER SERVER EVENT] ActivationStart {
  snapshot: ActivatedRouteSnapshot {
    url: [],
    params: {},
    queryParams: {},
    fragment: null,
    data: { breadcrumb: 'Home' },
    outlet: 'primary',
    component: [class _HomeComponent] {
      'ɵfac': [Function: HomeComponent_Factory],
      'ɵcmp': [Object],
      decorators: [Array],
      ctorParameters: [Function (anonymous)],
      propDecorators: [Object],
      __NG_ELEMENT_ID__: 7
    },
    routeConfig: { path: '', component: [Function] },
    _resolve: {},
    _resolvedData: undefined,
    _routerState: RouterStateSnapshot { _root: [TreeNode], url: '/' },
    _paramMap: undefined,
    _queryParamMap: undefined,
    _environmentInjector: R3Injector {
      parent: [R3Injector],
      source: '_HomeModule',
      scopes: [Set],
      records: [Map],
      _ngOnDestroyHooks: Set(0) {},
      _onDestroyHooks: [],
      _destroyed: false,
      injectorDefTypes: [Set]
    }
  },
  type: 13
}
[ROUTER SERVER EVENT] GuardsCheckEnd {
  id: 1,
  url: '/',
  urlAfterRedirects: '/',
  state: RouterStateSnapshot {
    _root: TreeNode { value: [ActivatedRouteSnapshot], children: [Array] },
    url: '/'
  },
  shouldActivate: true,
  type: 8
}
[ROUTER SERVER] url: /
[ROUTER SERVER] urlAfterRedirects: /
[ROUTER SERVER EVENT] ResolveStart {
  id: 1,
  url: '/',
  urlAfterRedirects: '/',
  state: RouterStateSnapshot {
    _root: TreeNode { value: [ActivatedRouteSnapshot], children: [Array] },
    url: '/'
  },
  type: 5
}
[ROUTER SERVER] url: /
[ROUTER SERVER] urlAfterRedirects: /
[ROUTER SERVER EVENT] ResolveEnd {
  id: 1,
  url: '/',
  urlAfterRedirects: '/',
  state: RouterStateSnapshot {
    _root: TreeNode { value: [ActivatedRouteSnapshot], children: [Array] },
    url: '/'
  },
  type: 6
}
[ROUTER SERVER] url: /
[ROUTER SERVER] urlAfterRedirects: /
[ROUTER SERVER EVENT] ActivationEnd {
  snapshot: ActivatedRouteSnapshot {
    url: [],
    params: {},
    queryParams: {},
    fragment: null,
    data: { breadcrumb: 'Home' },
    outlet: 'primary',
    component: [class _HomeComponent] {
      'ɵfac': [Function: HomeComponent_Factory],
      'ɵcmp': [Object],
      decorators: [Array],
      ctorParameters: [Function (anonymous)],
      propDecorators: [Object],
      __NG_ELEMENT_ID__: 7
    },
    routeConfig: { path: '', component: [Function] },
    _resolve: {},
    _resolvedData: {},
    _routerState: RouterStateSnapshot { _root: [TreeNode], url: '/' },
    _paramMap: undefined,
    _queryParamMap: undefined,
    _environmentInjector: R3Injector {
      parent: [R3Injector],
      source: '_HomeModule',
      scopes: [Set],
      records: [Map],
      _ngOnDestroyHooks: Set(0) {},
      _onDestroyHooks: [],
      _destroyed: false,
      injectorDefTypes: [Set]
    }
  },
  type: 14
}
[ROUTER SERVER EVENT] ChildActivationEnd {
  snapshot: ActivatedRouteSnapshot {
    url: [],
    params: {},
    queryParams: {},
    fragment: null,
    data: { breadcrumb: 'Home' },
    outlet: 'primary',
    component: [class _LayoutComponent] {
      'ɵfac': [Function: LayoutComponent_Factory],
      'ɵcmp': [Object],
      decorators: [Array],
      ctorParameters: [Function (anonymous)],
      __NG_ELEMENT_ID__: 3
    },
    routeConfig: {
      component: [Function],
      path: '',
      loadChildren: [Function: loadChildren],
      data: [Object],
      'ɵentryName': 'src/app/home/home.module.ts',
      _loadedRoutes: [Array],
      _loadedInjector: [R3Injector],
      _loadedNgModuleFactory: [NgModuleFactory2]
    },
    _resolve: {},
    _resolvedData: {},
    _routerState: RouterStateSnapshot { _root: [TreeNode], url: '/' },
    _paramMap: undefined,
    _queryParamMap: undefined,
    _environmentInjector: R3Injector {
      parent: [R3Injector],
      source: 'Environment Injector',
      scopes: [Set],
      records: [Map],
      _ngOnDestroyHooks: [Set],
      _onDestroyHooks: [Array],
      _destroyed: false,
      injectorDefTypes: Set(0) {}
    }
  },
  type: 12
}
[ROUTER SERVER EVENT] ActivationEnd {
  snapshot: ActivatedRouteSnapshot {
    url: [],
    params: {},
    queryParams: {},
    fragment: null,
    data: { breadcrumb: 'Home' },
    outlet: 'primary',
    component: [class _LayoutComponent] {
      'ɵfac': [Function: LayoutComponent_Factory],
      'ɵcmp': [Object],
      decorators: [Array],
      ctorParameters: [Function (anonymous)],
      __NG_ELEMENT_ID__: 3
    },
    routeConfig: {
      component: [Function],
      path: '',
      loadChildren: [Function: loadChildren],
      data: [Object],
      'ɵentryName': 'src/app/home/home.module.ts',
      _loadedRoutes: [Array],
      _loadedInjector: [R3Injector],
      _loadedNgModuleFactory: [NgModuleFactory2]
    },
    _resolve: {},
    _resolvedData: {},
    _routerState: RouterStateSnapshot { _root: [TreeNode], url: '/' },
    _paramMap: undefined,
    _queryParamMap: undefined,
    _environmentInjector: R3Injector {
      parent: [R3Injector],
      source: 'Environment Injector',
      scopes: [Set],
      records: [Map],
      _ngOnDestroyHooks: [Set],
      _onDestroyHooks: [Array],
      _destroyed: false,
      injectorDefTypes: Set(0) {}
    }
  },
  type: 14
}
[ROUTER SERVER EVENT] ChildActivationEnd {
  snapshot: ActivatedRouteSnapshot {
    url: [],
    params: {},
    queryParams: {},
    fragment: null,
    data: {},
    outlet: 'primary',
    component: null,
    routeConfig: null,
    _resolve: {},
    _resolvedData: undefined,
    _routerState: RouterStateSnapshot { _root: [TreeNode], url: '/' },
    _paramMap: undefined,
    _queryParamMap: undefined,
    _environmentInjector: R3Injector {
      parent: [R3Injector],
      source: 'Environment Injector',
      scopes: [Set],
      records: [Map],
      _ngOnDestroyHooks: [Set],
      _onDestroyHooks: [Array],
      _destroyed: false,
      injectorDefTypes: Set(0) {}
    }
  },
  type: 12
}
[ROUTER SERVER EVENT] NavigationEnd { id: 1, url: '/', urlAfterRedirects: '/', type: 1 }
[ROUTER SERVER] url: /
[ROUTER SERVER] urlAfterRedirects: /
[ROUTER SERVER EVENT] Scroll {
  routerEvent: NavigationEnd { id: 1, url: '/', urlAfterRedirects: '/', type: 1 },
  position: null,
  anchor: null,
  scrollBehavior: undefined,
  type: 15
}
request /account/userinfo [Function: status]
request /account/login [Function: status]
[ROUTER SERVER EVENT] NavigationStart {
  id: 1,
  url: '/account/login',
  type: 0,
  navigationTrigger: 'imperative',
  restoredState: null
}
[ROUTER SERVER] NavigationStart trigger: imperative restoredState: null
[ROUTER SERVER] url: /account/login
[ROUTER SERVER EVENT] RouteConfigLoadStart {
  route: {
    component: [class _LayoutComponent] {
      'ɵfac': [Function: LayoutComponent_Factory],
      'ɵcmp': [Object],
      decorators: [Array],
      ctorParameters: [Function (anonymous)],
      __NG_ELEMENT_ID__: 3
    },
    path: 'account',
    loadChildren: [Function: loadChildren],
    data: { breadcrumb: 'Account' },
    'ɵentryName': 'src/app/account/account.module.ts'
  },
  type: 9
}
[ROUTER SERVER EVENT] RouteConfigLoadEnd {
  route: {
    component: [class _LayoutComponent] {
      'ɵfac': [Function: LayoutComponent_Factory],
      'ɵcmp': [Object],
      decorators: [Array],
      ctorParameters: [Function (anonymous)],
      __NG_ELEMENT_ID__: 3
    },
    path: 'account',
    loadChildren: [Function: loadChildren],
    data: { breadcrumb: 'Account' },
    'ɵentryName': 'src/app/account/account.module.ts'
  },
  type: 10
}
[ROUTER SERVER EVENT] RoutesRecognized {
  id: 1,
  url: '/account/login',
  urlAfterRedirects: '/account/login',
  state: RouterStateSnapshot {
    _root: TreeNode { value: [ActivatedRouteSnapshot], children: [Array] },
    url: '/account/login'
  },
  type: 4
}
[ROUTER SERVER] url: /account/login
[ROUTER SERVER] urlAfterRedirects: /account/login
[ROUTER SERVER EVENT] GuardsCheckStart {
  id: 1,
  url: '/account/login',
  urlAfterRedirects: '/account/login',
  state: RouterStateSnapshot {
    _root: TreeNode { value: [ActivatedRouteSnapshot], children: [Array] },
    url: '/account/login'
  },
  type: 7
}
[ROUTER SERVER] url: /account/login
[ROUTER SERVER] urlAfterRedirects: /account/login
[ROUTER SERVER EVENT] ChildActivationStart {
  snapshot: ActivatedRouteSnapshot {
    url: [],
    params: {},
    queryParams: {},
    fragment: null,
    data: {},
    outlet: 'primary',
    component: null,
    routeConfig: null,
    _resolve: {},
    _resolvedData: undefined,
    _routerState: RouterStateSnapshot { _root: [TreeNode], url: '/account/login' },
    _paramMap: undefined,
    _queryParamMap: undefined,
    _environmentInjector: R3Injector {
      parent: [R3Injector],
      source: 'Environment Injector',
      scopes: [Set],
      records: [Map],
      _ngOnDestroyHooks: [Set],
      _onDestroyHooks: [Array],
      _destroyed: false,
      injectorDefTypes: Set(0) {}
    }
  },
  type: 11
}
[ROUTER SERVER EVENT] ActivationStart {
  snapshot: ActivatedRouteSnapshot {
    url: [ [UrlSegment] ],
    params: {},
    queryParams: {},
    fragment: null,
    data: { breadcrumb: 'Account' },
    outlet: 'primary',
    component: [class _LayoutComponent] {
      'ɵfac': [Function: LayoutComponent_Factory],
      'ɵcmp': [Object],
      decorators: [Array],
      ctorParameters: [Function (anonymous)],
      __NG_ELEMENT_ID__: 3
    },
    routeConfig: {
      component: [Function],
      path: 'account',
      loadChildren: [Function: loadChildren],
      data: [Object],
      'ɵentryName': 'src/app/account/account.module.ts',
      _loadedRoutes: [Array],
      _loadedInjector: [R3Injector],
      _loadedNgModuleFactory: [NgModuleFactory2]
    },
    _resolve: {},
    _resolvedData: undefined,
    _routerState: RouterStateSnapshot { _root: [TreeNode], url: '/account/login' },
    _paramMap: undefined,
    _queryParamMap: undefined,
    _environmentInjector: R3Injector {
      parent: [R3Injector],
      source: 'Environment Injector',
      scopes: [Set],
      records: [Map],
      _ngOnDestroyHooks: [Set],
      _onDestroyHooks: [Array],
      _destroyed: false,
      injectorDefTypes: Set(0) {}
    }
  },
  type: 13
}
[ROUTER SERVER EVENT] ChildActivationStart {
  snapshot: ActivatedRouteSnapshot {
    url: [ [UrlSegment] ],
    params: {},
    queryParams: {},
    fragment: null,
    data: { breadcrumb: 'Account' },
    outlet: 'primary',
    component: [class _LayoutComponent] {
      'ɵfac': [Function: LayoutComponent_Factory],
      'ɵcmp': [Object],
      decorators: [Array],
      ctorParameters: [Function (anonymous)],
      __NG_ELEMENT_ID__: 3
    },
    routeConfig: {
      component: [Function],
      path: 'account',
      loadChildren: [Function: loadChildren],
      data: [Object],
      'ɵentryName': 'src/app/account/account.module.ts',
      _loadedRoutes: [Array],
      _loadedInjector: [R3Injector],
      _loadedNgModuleFactory: [NgModuleFactory2]
    },
    _resolve: {},
    _resolvedData: undefined,
    _routerState: RouterStateSnapshot { _root: [TreeNode], url: '/account/login' },
    _paramMap: undefined,
    _queryParamMap: undefined,
    _environmentInjector: R3Injector {
      parent: [R3Injector],
      source: 'Environment Injector',
      scopes: [Set],
      records: [Map],
      _ngOnDestroyHooks: [Set],
      _onDestroyHooks: [Array],
      _destroyed: false,
      injectorDefTypes: Set(0) {}
    }
  },
  type: 11
}
[ROUTER SERVER EVENT] ActivationStart {
  snapshot: ActivatedRouteSnapshot {
    url: [ [UrlSegment] ],
    params: {},
    queryParams: {},
    fragment: null,
    data: { breadcrumb: 'Login' },
    outlet: 'primary',
    component: [class _LoginComponent] {
      'ɵfac': [Function: LoginComponent_Factory],
      'ɵcmp': [Object],
      decorators: [Array],
      ctorParameters: [Function (anonymous)]
    },
    routeConfig: { path: 'login', component: [Function], data: [Object] },
    _resolve: {},
    _resolvedData: undefined,
    _routerState: RouterStateSnapshot { _root: [TreeNode], url: '/account/login' },
    _paramMap: undefined,
    _queryParamMap: undefined,
    _environmentInjector: R3Injector {
      parent: [R3Injector],
      source: '_AccountModule',
      scopes: [Set],
      records: [Map],
      _ngOnDestroyHooks: Set(0) {},
      _onDestroyHooks: [],
      _destroyed: false,
      injectorDefTypes: [Set]
    }
  },
  type: 13
}
[ROUTER SERVER EVENT] GuardsCheckEnd {
  id: 1,
  url: '/account/login',
  urlAfterRedirects: '/account/login',
  state: RouterStateSnapshot {
    _root: TreeNode { value: [ActivatedRouteSnapshot], children: [Array] },
    url: '/account/login'
  },
  shouldActivate: true,
  type: 8
}
[ROUTER SERVER] url: /account/login
[ROUTER SERVER] urlAfterRedirects: /account/login
[ROUTER SERVER EVENT] ResolveStart {
  id: 1,
  url: '/account/login',
  urlAfterRedirects: '/account/login',
  state: RouterStateSnapshot {
    _root: TreeNode { value: [ActivatedRouteSnapshot], children: [Array] },
    url: '/account/login'
  },
  type: 5
}
[ROUTER SERVER] url: /account/login
[ROUTER SERVER] urlAfterRedirects: /account/login
[ROUTER SERVER EVENT] ResolveEnd {
  id: 1,
  url: '/account/login',
  urlAfterRedirects: '/account/login',
  state: RouterStateSnapshot {
    _root: TreeNode { value: [ActivatedRouteSnapshot], children: [Array] },
    url: '/account/login'
  },
  type: 6
}
[ROUTER SERVER] url: /account/login
[ROUTER SERVER] urlAfterRedirects: /account/login
[ROUTER SERVER EVENT] ActivationEnd {
  snapshot: ActivatedRouteSnapshot {
    url: [ [UrlSegment] ],
    params: {},
    queryParams: {},
    fragment: null,
    data: { breadcrumb: 'Login' },
    outlet: 'primary',
    component: [class _LoginComponent] {
      'ɵfac': [Function: LoginComponent_Factory],
      'ɵcmp': [Object],
      decorators: [Array],
      ctorParameters: [Function (anonymous)]
    },
    routeConfig: { path: 'login', component: [Function], data: [Object] },
    _resolve: {},
    _resolvedData: {},
    _routerState: RouterStateSnapshot { _root: [TreeNode], url: '/account/login' },
    _paramMap: undefined,
    _queryParamMap: undefined,
    _environmentInjector: R3Injector {
      parent: [R3Injector],
      source: '_AccountModule',
      scopes: [Set],
      records: [Map],
      _ngOnDestroyHooks: Set(0) {},
      _onDestroyHooks: [],
      _destroyed: false,
      injectorDefTypes: [Set]
    }
  },
  type: 14
}
[ROUTER SERVER EVENT] ChildActivationEnd {
  snapshot: ActivatedRouteSnapshot {
    url: [ [UrlSegment] ],
    params: {},
    queryParams: {},
    fragment: null,
    data: { breadcrumb: 'Account' },
    outlet: 'primary',
    component: [class _LayoutComponent] {
      'ɵfac': [Function: LayoutComponent_Factory],
      'ɵcmp': [Object],
      decorators: [Array],
      ctorParameters: [Function (anonymous)],
      __NG_ELEMENT_ID__: 3
    },
    routeConfig: {
      component: [Function],
      path: 'account',
      loadChildren: [Function: loadChildren],
      data: [Object],
      'ɵentryName': 'src/app/account/account.module.ts',
      _loadedRoutes: [Array],
      _loadedInjector: [R3Injector],
      _loadedNgModuleFactory: [NgModuleFactory2]
    },
    _resolve: {},
    _resolvedData: {},
    _routerState: RouterStateSnapshot { _root: [TreeNode], url: '/account/login' },
    _paramMap: undefined,
    _queryParamMap: undefined,
    _environmentInjector: R3Injector {
      parent: [R3Injector],
      source: 'Environment Injector',
      scopes: [Set],
      records: [Map],
      _ngOnDestroyHooks: [Set],
      _onDestroyHooks: [Array],
      _destroyed: false,
      injectorDefTypes: Set(0) {}
    }
  },
  type: 12
}
[ROUTER SERVER EVENT] ActivationEnd {
  snapshot: ActivatedRouteSnapshot {
    url: [ [UrlSegment] ],
    params: {},
    queryParams: {},
    fragment: null,
    data: { breadcrumb: 'Account' },
    outlet: 'primary',
    component: [class _LayoutComponent] {
      'ɵfac': [Function: LayoutComponent_Factory],
      'ɵcmp': [Object],
      decorators: [Array],
      ctorParameters: [Function (anonymous)],
      __NG_ELEMENT_ID__: 3
    },
    routeConfig: {
      component: [Function],
      path: 'account',
      loadChildren: [Function: loadChildren],
      data: [Object],
      'ɵentryName': 'src/app/account/account.module.ts',
      _loadedRoutes: [Array],
      _loadedInjector: [R3Injector],
      _loadedNgModuleFactory: [NgModuleFactory2]
    },
    _resolve: {},
    _resolvedData: {},
    _routerState: RouterStateSnapshot { _root: [TreeNode], url: '/account/login' },
    _paramMap: undefined,
    _queryParamMap: undefined,
    _environmentInjector: R3Injector {
      parent: [R3Injector],
      source: 'Environment Injector',
      scopes: [Set],
      records: [Map],
      _ngOnDestroyHooks: [Set],
      _onDestroyHooks: [Array],
      _destroyed: false,
      injectorDefTypes: Set(0) {}
    }
  },
  type: 14
}
[ROUTER SERVER EVENT] ChildActivationEnd {
  snapshot: ActivatedRouteSnapshot {
    url: [],
    params: {},
    queryParams: {},
    fragment: null,
    data: {},
    outlet: 'primary',
    component: null,
    routeConfig: null,
    _resolve: {},
    _resolvedData: undefined,
    _routerState: RouterStateSnapshot { _root: [TreeNode], url: '/account/login' },
    _paramMap: undefined,
    _queryParamMap: undefined,
    _environmentInjector: R3Injector {
      parent: [R3Injector],
      source: 'Environment Injector',
      scopes: [Set],
      records: [Map],
      _ngOnDestroyHooks: [Set],
      _onDestroyHooks: [Array],
      _destroyed: false,
      injectorDefTypes: Set(0) {}
    }
  },
  type: 12
}
[ROUTER SERVER EVENT] NavigationEnd {
  id: 1,
  url: '/account/login',
  urlAfterRedirects: '/account/login',
  type: 1
}
[ROUTER SERVER] url: /account/login
[ROUTER SERVER] urlAfterRedirects: /account/login
[ROUTER SERVER EVENT] Scroll {
  routerEvent: NavigationEnd {
    id: 1,
    url: '/account/login',
    urlAfterRedirects: '/account/login',
    type: 1
  },
  position: null,
  anchor: null,
  scrollBehavior: undefined,
  type: 15
}
request /exercises/lesson [Function: status]
request / [Function: status]
[ROUTER SERVER EVENT] NavigationStart {
  id: 1,
  url: '/',
  type: 0,
  navigationTrigger: 'imperative',
  restoredState: null
}
[ROUTER SERVER] NavigationStart trigger: imperative restoredState: null
[ROUTER SERVER] url: /
[ROUTER SERVER EVENT] RouteConfigLoadStart {
  route: {
    component: [class _LayoutComponent] {
      'ɵfac': [Function: LayoutComponent_Factory],
      'ɵcmp': [Object],
      decorators: [Array],
      ctorParameters: [Function (anonymous)],
      __NG_ELEMENT_ID__: 3
    },
    path: '',
    loadChildren: [Function: loadChildren],
    data: { breadcrumb: 'Home' },
    'ɵentryName': 'src/app/home/home.module.ts'
  },
  type: 9
}
[ROUTER SERVER EVENT] RouteConfigLoadEnd {
  route: {
    component: [class _LayoutComponent] {
      'ɵfac': [Function: LayoutComponent_Factory],
      'ɵcmp': [Object],
      decorators: [Array],
      ctorParameters: [Function (anonymous)],
      __NG_ELEMENT_ID__: 3
    },
    path: '',
    loadChildren: [Function: loadChildren],
    data: { breadcrumb: 'Home' },
    'ɵentryName': 'src/app/home/home.module.ts'
  },
  type: 10
}
[ROUTER SERVER EVENT] RoutesRecognized {
  id: 1,
  url: '/',
  urlAfterRedirects: '/',
  state: RouterStateSnapshot {
    _root: TreeNode { value: [ActivatedRouteSnapshot], children: [Array] },
    url: '/'
  },
  type: 4
}
[ROUTER SERVER] url: /
[ROUTER SERVER] urlAfterRedirects: /
[ROUTER SERVER EVENT] GuardsCheckStart {
  id: 1,
  url: '/',
  urlAfterRedirects: '/',
  state: RouterStateSnapshot {
    _root: TreeNode { value: [ActivatedRouteSnapshot], children: [Array] },
    url: '/'
  },
  type: 7
}
[ROUTER SERVER] url: /
[ROUTER SERVER] urlAfterRedirects: /
[ROUTER SERVER EVENT] ChildActivationStart {
  snapshot: ActivatedRouteSnapshot {
    url: [],
    params: {},
    queryParams: {},
    fragment: null,
    data: {},
    outlet: 'primary',
    component: null,
    routeConfig: null,
    _resolve: {},
    _resolvedData: undefined,
    _routerState: RouterStateSnapshot { _root: [TreeNode], url: '/' },
    _paramMap: undefined,
    _queryParamMap: undefined,
    _environmentInjector: R3Injector {
      parent: [R3Injector],
      source: 'Environment Injector',
      scopes: [Set],
      records: [Map],
      _ngOnDestroyHooks: [Set],
      _onDestroyHooks: [Array],
      _destroyed: false,
      injectorDefTypes: Set(0) {}
    }
  },
  type: 11
}
[ROUTER SERVER EVENT] ActivationStart {
  snapshot: ActivatedRouteSnapshot {
    url: [],
    params: {},
    queryParams: {},
    fragment: null,
    data: { breadcrumb: 'Home' },
    outlet: 'primary',
    component: [class _LayoutComponent] {
      'ɵfac': [Function: LayoutComponent_Factory],
      'ɵcmp': [Object],
      decorators: [Array],
      ctorParameters: [Function (anonymous)],
      __NG_ELEMENT_ID__: 3
    },
    routeConfig: {
      component: [Function],
      path: '',
      loadChildren: [Function: loadChildren],
      data: [Object],
      'ɵentryName': 'src/app/home/home.module.ts',
      _loadedRoutes: [Array],
      _loadedInjector: [R3Injector],
      _loadedNgModuleFactory: [NgModuleFactory2]
    },
    _resolve: {},
    _resolvedData: undefined,
    _routerState: RouterStateSnapshot { _root: [TreeNode], url: '/' },
    _paramMap: undefined,
    _queryParamMap: undefined,
    _environmentInjector: R3Injector {
      parent: [R3Injector],
      source: 'Environment Injector',
      scopes: [Set],
      records: [Map],
      _ngOnDestroyHooks: [Set],
      _onDestroyHooks: [Array],
      _destroyed: false,
      injectorDefTypes: Set(0) {}
    }
  },
  type: 13
}
[ROUTER SERVER EVENT] ChildActivationStart {
  snapshot: ActivatedRouteSnapshot {
    url: [],
    params: {},
    queryParams: {},
    fragment: null,
    data: { breadcrumb: 'Home' },
    outlet: 'primary',
    component: [class _LayoutComponent] {
      'ɵfac': [Function: LayoutComponent_Factory],
      'ɵcmp': [Object],
      decorators: [Array],
      ctorParameters: [Function (anonymous)],
      __NG_ELEMENT_ID__: 3
    },
    routeConfig: {
      component: [Function],
      path: '',
      loadChildren: [Function: loadChildren],
      data: [Object],
      'ɵentryName': 'src/app/home/home.module.ts',
      _loadedRoutes: [Array],
      _loadedInjector: [R3Injector],
      _loadedNgModuleFactory: [NgModuleFactory2]
    },
    _resolve: {},
    _resolvedData: undefined,
    _routerState: RouterStateSnapshot { _root: [TreeNode], url: '/' },
    _paramMap: undefined,
    _queryParamMap: undefined,
    _environmentInjector: R3Injector {
      parent: [R3Injector],
      source: 'Environment Injector',
      scopes: [Set],
      records: [Map],
      _ngOnDestroyHooks: [Set],
      _onDestroyHooks: [Array],
      _destroyed: false,
      injectorDefTypes: Set(0) {}
    }
  },
  type: 11
}
[ROUTER SERVER EVENT] ActivationStart {
  snapshot: ActivatedRouteSnapshot {
    url: [],
    params: {},
    queryParams: {},
    fragment: null,
    data: { breadcrumb: 'Home' },
    outlet: 'primary',
    component: [class _HomeComponent] {
      'ɵfac': [Function: HomeComponent_Factory],
      'ɵcmp': [Object],
      decorators: [Array],
      ctorParameters: [Function (anonymous)],
      propDecorators: [Object],
      __NG_ELEMENT_ID__: 7
    },
    routeConfig: { path: '', component: [Function] },
    _resolve: {},
    _resolvedData: undefined,
    _routerState: RouterStateSnapshot { _root: [TreeNode], url: '/' },
    _paramMap: undefined,
    _queryParamMap: undefined,
    _environmentInjector: R3Injector {
      parent: [R3Injector],
      source: '_HomeModule',
      scopes: [Set],
      records: [Map],
      _ngOnDestroyHooks: Set(0) {},
      _onDestroyHooks: [],
      _destroyed: false,
      injectorDefTypes: [Set]
    }
  },
  type: 13
}
[ROUTER SERVER EVENT] GuardsCheckEnd {
  id: 1,
  url: '/',
  urlAfterRedirects: '/',
  state: RouterStateSnapshot {
    _root: TreeNode { value: [ActivatedRouteSnapshot], children: [Array] },
    url: '/'
  },
  shouldActivate: true,
  type: 8
}
[ROUTER SERVER] url: /
[ROUTER SERVER] urlAfterRedirects: /
[ROUTER SERVER EVENT] ResolveStart {
  id: 1,
  url: '/',
  urlAfterRedirects: '/',
  state: RouterStateSnapshot {
    _root: TreeNode { value: [ActivatedRouteSnapshot], children: [Array] },
    url: '/'
  },
  type: 5
}
[ROUTER SERVER] url: /
[ROUTER SERVER] urlAfterRedirects: /
[ROUTER SERVER EVENT] ResolveEnd {
  id: 1,
  url: '/',
  urlAfterRedirects: '/',
  state: RouterStateSnapshot {
    _root: TreeNode { value: [ActivatedRouteSnapshot], children: [Array] },
    url: '/'
  },
  type: 6
}
[ROUTER SERVER] url: /
[ROUTER SERVER] urlAfterRedirects: /
[ROUTER SERVER EVENT] ActivationEnd {
  snapshot: ActivatedRouteSnapshot {
    url: [],
    params: {},
    queryParams: {},
    fragment: null,
    data: { breadcrumb: 'Home' },
    outlet: 'primary',
    component: [class _HomeComponent] {
      'ɵfac': [Function: HomeComponent_Factory],
      'ɵcmp': [Object],
      decorators: [Array],
      ctorParameters: [Function (anonymous)],
      propDecorators: [Object],
      __NG_ELEMENT_ID__: 7
    },
    routeConfig: { path: '', component: [Function] },
    _resolve: {},
    _resolvedData: {},
    _routerState: RouterStateSnapshot { _root: [TreeNode], url: '/' },
    _paramMap: undefined,
    _queryParamMap: undefined,
    _environmentInjector: R3Injector {
      parent: [R3Injector],
      source: '_HomeModule',
      scopes: [Set],
      records: [Map],
      _ngOnDestroyHooks: Set(0) {},
      _onDestroyHooks: [],
      _destroyed: false,
      injectorDefTypes: [Set]
    }
  },
  type: 14
}
[ROUTER SERVER EVENT] ChildActivationEnd {
  snapshot: ActivatedRouteSnapshot {
    url: [],
    params: {},
    queryParams: {},
    fragment: null,
    data: { breadcrumb: 'Home' },
    outlet: 'primary',
    component: [class _LayoutComponent] {
      'ɵfac': [Function: LayoutComponent_Factory],
      'ɵcmp': [Object],
      decorators: [Array],
      ctorParameters: [Function (anonymous)],
      __NG_ELEMENT_ID__: 3
    },
    routeConfig: {
      component: [Function],
      path: '',
      loadChildren: [Function: loadChildren],
      data: [Object],
      'ɵentryName': 'src/app/home/home.module.ts',
      _loadedRoutes: [Array],
      _loadedInjector: [R3Injector],
      _loadedNgModuleFactory: [NgModuleFactory2]
    },
    _resolve: {},
    _resolvedData: {},
    _routerState: RouterStateSnapshot { _root: [TreeNode], url: '/' },
    _paramMap: undefined,
    _queryParamMap: undefined,
    _environmentInjector: R3Injector {
      parent: [R3Injector],
      source: 'Environment Injector',
      scopes: [Set],
      records: [Map],
      _ngOnDestroyHooks: [Set],
      _onDestroyHooks: [Array],
      _destroyed: false,
      injectorDefTypes: Set(0) {}
    }
  },
  type: 12
}
[ROUTER SERVER EVENT] ActivationEnd {
  snapshot: ActivatedRouteSnapshot {
    url: [],
    params: {},
    queryParams: {},
    fragment: null,
    data: { breadcrumb: 'Home' },
    outlet: 'primary',
    component: [class _LayoutComponent] {
      'ɵfac': [Function: LayoutComponent_Factory],
      'ɵcmp': [Object],
      decorators: [Array],
      ctorParameters: [Function (anonymous)],
      __NG_ELEMENT_ID__: 3
    },
    routeConfig: {
      component: [Function],
      path: '',
      loadChildren: [Function: loadChildren],
      data: [Object],
      'ɵentryName': 'src/app/home/home.module.ts',
      _loadedRoutes: [Array],
      _loadedInjector: [R3Injector],
      _loadedNgModuleFactory: [NgModuleFactory2]
    },
    _resolve: {},
    _resolvedData: {},
    _routerState: RouterStateSnapshot { _root: [TreeNode], url: '/' },
    _paramMap: undefined,
    _queryParamMap: undefined,
    _environmentInjector: R3Injector {
      parent: [R3Injector],
      source: 'Environment Injector',
      scopes: [Set],
      records: [Map],
      _ngOnDestroyHooks: [Set],
      _onDestroyHooks: [Array],
      _destroyed: false,
      injectorDefTypes: Set(0) {}
    }
  },
  type: 14
}
[ROUTER SERVER EVENT] ChildActivationEnd {
  snapshot: ActivatedRouteSnapshot {
    url: [],
    params: {},
    queryParams: {},
    fragment: null,
    data: {},
    outlet: 'primary',
    component: null,
    routeConfig: null,
    _resolve: {},
    _resolvedData: undefined,
    _routerState: RouterStateSnapshot { _root: [TreeNode], url: '/' },
    _paramMap: undefined,
    _queryParamMap: undefined,
    _environmentInjector: R3Injector {
      parent: [R3Injector],
      source: 'Environment Injector',
      scopes: [Set],
      records: [Map],
      _ngOnDestroyHooks: [Set],
      _onDestroyHooks: [Array],
      _destroyed: false,
      injectorDefTypes: Set(0) {}
    }
  },
  type: 12
}
[ROUTER SERVER EVENT] NavigationEnd { id: 1, url: '/', urlAfterRedirects: '/', type: 1 }
[ROUTER SERVER] url: /
[ROUTER SERVER] urlAfterRedirects: /
[ROUTER SERVER EVENT] Scroll {
  routerEvent: NavigationEnd { id: 1, url: '/', urlAfterRedirects: '/', type: 1 },
  position: null,
  anchor: null,
  scrollBehavior: undefined,
  type: 15
}
request /account/userinfo [Function: status]
request /account/userinfo [Function: status]
request / [Function: status]
[ROUTER SERVER EVENT] NavigationStart {
  id: 1,
  url: '/',
  type: 0,
  navigationTrigger: 'imperative',
  restoredState: null
}
[ROUTER SERVER] NavigationStart trigger: imperative restoredState: null
[ROUTER SERVER] url: /
[ROUTER SERVER EVENT] RouteConfigLoadStart {
  route: {
    component: [class _LayoutComponent] {
      'ɵfac': [Function: LayoutComponent_Factory],
      'ɵcmp': [Object],
      decorators: [Array],
      ctorParameters: [Function (anonymous)],
      __NG_ELEMENT_ID__: 3
    },
    path: '',
    loadChildren: [Function: loadChildren],
    data: { breadcrumb: 'Home' },
    'ɵentryName': 'src/app/home/home.module.ts'
  },
  type: 9
}
[ROUTER SERVER EVENT] RouteConfigLoadEnd {
  route: {
    component: [class _LayoutComponent] {
      'ɵfac': [Function: LayoutComponent_Factory],
      'ɵcmp': [Object],
      decorators: [Array],
      ctorParameters: [Function (anonymous)],
      __NG_ELEMENT_ID__: 3
    },
    path: '',
    loadChildren: [Function: loadChildren],
    data: { breadcrumb: 'Home' },
    'ɵentryName': 'src/app/home/home.module.ts'
  },
  type: 10
}
[ROUTER SERVER EVENT] RoutesRecognized {
  id: 1,
  url: '/',
  urlAfterRedirects: '/',
  state: RouterStateSnapshot {
    _root: TreeNode { value: [ActivatedRouteSnapshot], children: [Array] },
    url: '/'
  },
  type: 4
}
[ROUTER SERVER] url: /
[ROUTER SERVER] urlAfterRedirects: /
[ROUTER SERVER EVENT] GuardsCheckStart {
  id: 1,
  url: '/',
  urlAfterRedirects: '/',
  state: RouterStateSnapshot {
    _root: TreeNode { value: [ActivatedRouteSnapshot], children: [Array] },
    url: '/'
  },
  type: 7
}
[ROUTER SERVER] url: /
[ROUTER SERVER] urlAfterRedirects: /
[ROUTER SERVER EVENT] ChildActivationStart {
  snapshot: ActivatedRouteSnapshot {
    url: [],
    params: {},
    queryParams: {},
    fragment: null,
    data: {},
    outlet: 'primary',
    component: null,
    routeConfig: null,
    _resolve: {},
    _resolvedData: undefined,
    _routerState: RouterStateSnapshot { _root: [TreeNode], url: '/' },
    _paramMap: undefined,
    _queryParamMap: undefined,
    _environmentInjector: R3Injector {
      parent: [R3Injector],
      source: 'Environment Injector',
      scopes: [Set],
      records: [Map],
      _ngOnDestroyHooks: [Set],
      _onDestroyHooks: [Array],
      _destroyed: false,
      injectorDefTypes: Set(0) {}
    }
  },
  type: 11
}
[ROUTER SERVER EVENT] ActivationStart {
  snapshot: ActivatedRouteSnapshot {
    url: [],
    params: {},
    queryParams: {},
    fragment: null,
    data: { breadcrumb: 'Home' },
    outlet: 'primary',
    component: [class _LayoutComponent] {
      'ɵfac': [Function: LayoutComponent_Factory],
      'ɵcmp': [Object],
      decorators: [Array],
      ctorParameters: [Function (anonymous)],
      __NG_ELEMENT_ID__: 3
    },
    routeConfig: {
      component: [Function],
      path: '',
      loadChildren: [Function: loadChildren],
      data: [Object],
      'ɵentryName': 'src/app/home/home.module.ts',
      _loadedRoutes: [Array],
      _loadedInjector: [R3Injector],
      _loadedNgModuleFactory: [NgModuleFactory2]
    },
    _resolve: {},
    _resolvedData: undefined,
    _routerState: RouterStateSnapshot { _root: [TreeNode], url: '/' },
    _paramMap: undefined,
    _queryParamMap: undefined,
    _environmentInjector: R3Injector {
      parent: [R3Injector],
      source: 'Environment Injector',
      scopes: [Set],
      records: [Map],
      _ngOnDestroyHooks: [Set],
      _onDestroyHooks: [Array],
      _destroyed: false,
      injectorDefTypes: Set(0) {}
    }
  },
  type: 13
}
[ROUTER SERVER EVENT] ChildActivationStart {
  snapshot: ActivatedRouteSnapshot {
    url: [],
    params: {},
    queryParams: {},
    fragment: null,
    data: { breadcrumb: 'Home' },
    outlet: 'primary',
    component: [class _LayoutComponent] {
      'ɵfac': [Function: LayoutComponent_Factory],
      'ɵcmp': [Object],
      decorators: [Array],
      ctorParameters: [Function (anonymous)],
      __NG_ELEMENT_ID__: 3
    },
    routeConfig: {
      component: [Function],
      path: '',
      loadChildren: [Function: loadChildren],
      data: [Object],
      'ɵentryName': 'src/app/home/home.module.ts',
      _loadedRoutes: [Array],
      _loadedInjector: [R3Injector],
      _loadedNgModuleFactory: [NgModuleFactory2]
    },
    _resolve: {},
    _resolvedData: undefined,
    _routerState: RouterStateSnapshot { _root: [TreeNode], url: '/' },
    _paramMap: undefined,
    _queryParamMap: undefined,
    _environmentInjector: R3Injector {
      parent: [R3Injector],
      source: 'Environment Injector',
      scopes: [Set],
      records: [Map],
      _ngOnDestroyHooks: [Set],
      _onDestroyHooks: [Array],
      _destroyed: false,
      injectorDefTypes: Set(0) {}
    }
  },
  type: 11
}
[ROUTER SERVER EVENT] ActivationStart {
  snapshot: ActivatedRouteSnapshot {
    url: [],
    params: {},
    queryParams: {},
    fragment: null,
    data: { breadcrumb: 'Home' },
    outlet: 'primary',
    component: [class _HomeComponent] {
      'ɵfac': [Function: HomeComponent_Factory],
      'ɵcmp': [Object],
      decorators: [Array],
      ctorParameters: [Function (anonymous)],
      propDecorators: [Object],
      __NG_ELEMENT_ID__: 7
    },
    routeConfig: { path: '', component: [Function] },
    _resolve: {},
    _resolvedData: undefined,
    _routerState: RouterStateSnapshot { _root: [TreeNode], url: '/' },
    _paramMap: undefined,
    _queryParamMap: undefined,
    _environmentInjector: R3Injector {
      parent: [R3Injector],
      source: '_HomeModule',
      scopes: [Set],
      records: [Map],
      _ngOnDestroyHooks: Set(0) {},
      _onDestroyHooks: [],
      _destroyed: false,
      injectorDefTypes: [Set]
    }
  },
  type: 13
}
[ROUTER SERVER EVENT] GuardsCheckEnd {
  id: 1,
  url: '/',
  urlAfterRedirects: '/',
  state: RouterStateSnapshot {
    _root: TreeNode { value: [ActivatedRouteSnapshot], children: [Array] },
    url: '/'
  },
  shouldActivate: true,
  type: 8
}
[ROUTER SERVER] url: /
[ROUTER SERVER] urlAfterRedirects: /
[ROUTER SERVER EVENT] ResolveStart {
  id: 1,
  url: '/',
  urlAfterRedirects: '/',
  state: RouterStateSnapshot {
    _root: TreeNode { value: [ActivatedRouteSnapshot], children: [Array] },
    url: '/'
  },
  type: 5
}
[ROUTER SERVER] url: /
[ROUTER SERVER] urlAfterRedirects: /
[ROUTER SERVER EVENT] ResolveEnd {
  id: 1,
  url: '/',
  urlAfterRedirects: '/',
  state: RouterStateSnapshot {
    _root: TreeNode { value: [ActivatedRouteSnapshot], children: [Array] },
    url: '/'
  },
  type: 6
}
[ROUTER SERVER] url: /
[ROUTER SERVER] urlAfterRedirects: /
[ROUTER SERVER EVENT] ActivationEnd {
  snapshot: ActivatedRouteSnapshot {
    url: [],
    params: {},
    queryParams: {},
    fragment: null,
    data: { breadcrumb: 'Home' },
    outlet: 'primary',
    component: [class _HomeComponent] {
      'ɵfac': [Function: HomeComponent_Factory],
      'ɵcmp': [Object],
      decorators: [Array],
      ctorParameters: [Function (anonymous)],
      propDecorators: [Object],
      __NG_ELEMENT_ID__: 7
    },
    routeConfig: { path: '', component: [Function] },
    _resolve: {},
    _resolvedData: {},
    _routerState: RouterStateSnapshot { _root: [TreeNode], url: '/' },
    _paramMap: undefined,
    _queryParamMap: undefined,
    _environmentInjector: R3Injector {
      parent: [R3Injector],
      source: '_HomeModule',
      scopes: [Set],
      records: [Map],
      _ngOnDestroyHooks: Set(0) {},
      _onDestroyHooks: [],
      _destroyed: false,
      injectorDefTypes: [Set]
    }
  },
  type: 14
}
[ROUTER SERVER EVENT] ChildActivationEnd {
  snapshot: ActivatedRouteSnapshot {
    url: [],
    params: {},
    queryParams: {},
    fragment: null,
    data: { breadcrumb: 'Home' },
    outlet: 'primary',
    component: [class _LayoutComponent] {
      'ɵfac': [Function: LayoutComponent_Factory],
      'ɵcmp': [Object],
      decorators: [Array],
      ctorParameters: [Function (anonymous)],
      __NG_ELEMENT_ID__: 3
    },
    routeConfig: {
      component: [Function],
      path: '',
      loadChildren: [Function: loadChildren],
      data: [Object],
      'ɵentryName': 'src/app/home/home.module.ts',
      _loadedRoutes: [Array],
      _loadedInjector: [R3Injector],
      _loadedNgModuleFactory: [NgModuleFactory2]
    },
    _resolve: {},
    _resolvedData: {},
    _routerState: RouterStateSnapshot { _root: [TreeNode], url: '/' },
    _paramMap: undefined,
    _queryParamMap: undefined,
    _environmentInjector: R3Injector {
      parent: [R3Injector],
      source: 'Environment Injector',
      scopes: [Set],
      records: [Map],
      _ngOnDestroyHooks: [Set],
      _onDestroyHooks: [Array],
      _destroyed: false,
      injectorDefTypes: Set(0) {}
    }
  },
  type: 12
}
[ROUTER SERVER EVENT] ActivationEnd {
  snapshot: ActivatedRouteSnapshot {
    url: [],
    params: {},
    queryParams: {},
    fragment: null,
    data: { breadcrumb: 'Home' },
    outlet: 'primary',
    component: [class _LayoutComponent] {
      'ɵfac': [Function: LayoutComponent_Factory],
      'ɵcmp': [Object],
      decorators: [Array],
      ctorParameters: [Function (anonymous)],
      __NG_ELEMENT_ID__: 3
    },
    routeConfig: {
      component: [Function],
      path: '',
      loadChildren: [Function: loadChildren],
      data: [Object],
      'ɵentryName': 'src/app/home/home.module.ts',
      _loadedRoutes: [Array],
      _loadedInjector: [R3Injector],
      _loadedNgModuleFactory: [NgModuleFactory2]
    },
    _resolve: {},
    _resolvedData: {},
    _routerState: RouterStateSnapshot { _root: [TreeNode], url: '/' },
    _paramMap: undefined,
    _queryParamMap: undefined,
    _environmentInjector: R3Injector {
      parent: [R3Injector],
      source: 'Environment Injector',
      scopes: [Set],
      records: [Map],
      _ngOnDestroyHooks: [Set],
      _onDestroyHooks: [Array],
      _destroyed: false,
      injectorDefTypes: Set(0) {}
    }
  },
  type: 14
}
[ROUTER SERVER EVENT] ChildActivationEnd {
  snapshot: ActivatedRouteSnapshot {
    url: [],
    params: {},
    queryParams: {},
    fragment: null,
    data: {},
    outlet: 'primary',
    component: null,
    routeConfig: null,
    _resolve: {},
    _resolvedData: undefined,
    _routerState: RouterStateSnapshot { _root: [TreeNode], url: '/' },
    _paramMap: undefined,
    _queryParamMap: undefined,
    _environmentInjector: R3Injector {
      parent: [R3Injector],
      source: 'Environment Injector',
      scopes: [Set],
      records: [Map],
      _ngOnDestroyHooks: [Set],
      _onDestroyHooks: [Array],
      _destroyed: false,
      injectorDefTypes: Set(0) {}
    }
  },
  type: 12
}
[ROUTER SERVER EVENT] NavigationEnd { id: 1, url: '/', urlAfterRedirects: '/', type: 1 }
[ROUTER SERVER] url: /
[ROUTER SERVER] urlAfterRedirects: /
[ROUTER SERVER EVENT] Scroll {
  routerEvent: NavigationEnd { id: 1, url: '/', urlAfterRedirects: '/', type: 1 },
  position: null,
  anchor: null,
  scrollBehavior: undefined,
  type: 15
}
request /account/userinfo [Function: status]
❯ Changes detected. Rebuilding...
✔ Changes detected. Rebuilding...
Browser bundles
Initial chunk files | Names          |  Raw size
main.js             | main           | 154.34 kB |

Lazy chunk files    | Names          |  Raw size
chunk-GEFOABIG.js   | account-module | 163.52 kB |


Server bundles
Initial chunk files | Names          |  Raw size
main.server.mjs     | main.server    | 156.86 kB |

Lazy chunk files    | Names          |  Raw size
chunk-VNB5BLZV.mjs  | account-module | 163.56 kB |

Application bundle generation complete. [8.800 seconds] - 2026-04-09T20:01:13.311Z

Component update sent to client(s).
Node Express server started
request / [Function: status]
[ROUTER SERVER EVENT] NavigationStart {
  id: 1,
  url: '/',
  type: 0,
  navigationTrigger: 'imperative',
  restoredState: null
}
[ROUTER SERVER] NavigationStart trigger: imperative restoredState: null
[ROUTER SERVER] url: /
[ROUTER SERVER EVENT] RouteConfigLoadStart {
  route: {
    component: [class _LayoutComponent] {
      'ɵfac': [Function: LayoutComponent_Factory],
      'ɵcmp': [Object],
      decorators: [Array],
      ctorParameters: [Function (anonymous)]
    },
    path: '',
    loadChildren: [Function: loadChildren],
    data: { breadcrumb: 'Home' },
    'ɵentryName': 'src/app/home/home.module.ts'
  },
  type: 9
}
[ROUTER SERVER EVENT] RouteConfigLoadEnd {
  route: {
    component: [class _LayoutComponent] {
      'ɵfac': [Function: LayoutComponent_Factory],
      'ɵcmp': [Object],
      decorators: [Array],
      ctorParameters: [Function (anonymous)]
    },
    path: '',
    loadChildren: [Function: loadChildren],
    data: { breadcrumb: 'Home' },
    'ɵentryName': 'src/app/home/home.module.ts'
  },
  type: 10
}
[ROUTER SERVER EVENT] RoutesRecognized {
  id: 1,
  url: '/',
  urlAfterRedirects: '/',
  state: RouterStateSnapshot {
    _root: TreeNode { value: [ActivatedRouteSnapshot], children: [Array] },
    url: '/'
  },
  type: 4
}
[ROUTER SERVER] url: /
[ROUTER SERVER] urlAfterRedirects: /
[ROUTER SERVER EVENT] GuardsCheckStart {
  id: 1,
  url: '/',
  urlAfterRedirects: '/',
  state: RouterStateSnapshot {
    _root: TreeNode { value: [ActivatedRouteSnapshot], children: [Array] },
    url: '/'
  },
  type: 7
}
[ROUTER SERVER] url: /
[ROUTER SERVER] urlAfterRedirects: /
[ROUTER SERVER EVENT] ChildActivationStart {
  snapshot: ActivatedRouteSnapshot {
    url: [],
    params: {},
    queryParams: {},
    fragment: null,
    data: {},
    outlet: 'primary',
    component: null,
    routeConfig: null,
    _resolve: {},
    _resolvedData: undefined,
    _routerState: RouterStateSnapshot { _root: [TreeNode], url: '/' },
    _paramMap: undefined,
    _queryParamMap: undefined,
    _environmentInjector: R3Injector {
      parent: [R3Injector],
      source: 'Environment Injector',
      scopes: [Set],
      records: [Map],
      _ngOnDestroyHooks: [Set],
      _onDestroyHooks: [Array],
      _destroyed: false,
      injectorDefTypes: Set(0) {}
    }
  },
  type: 11
}
[ROUTER SERVER EVENT] ActivationStart {
  snapshot: ActivatedRouteSnapshot {
    url: [],
    params: {},
    queryParams: {},
    fragment: null,
    data: { breadcrumb: 'Home' },
    outlet: 'primary',
    component: [class _LayoutComponent] {
      'ɵfac': [Function: LayoutComponent_Factory],
      'ɵcmp': [Object],
      decorators: [Array],
      ctorParameters: [Function (anonymous)]
    },
    routeConfig: {
      component: [Function],
      path: '',
      loadChildren: [Function: loadChildren],
      data: [Object],
      'ɵentryName': 'src/app/home/home.module.ts',
      _loadedRoutes: [Array],
      _loadedInjector: [R3Injector],
      _loadedNgModuleFactory: [NgModuleFactory2]
    },
    _resolve: {},
    _resolvedData: undefined,
    _routerState: RouterStateSnapshot { _root: [TreeNode], url: '/' },
    _paramMap: undefined,
    _queryParamMap: undefined,
    _environmentInjector: R3Injector {
      parent: [R3Injector],
      source: 'Environment Injector',
      scopes: [Set],
      records: [Map],
      _ngOnDestroyHooks: [Set],
      _onDestroyHooks: [Array],
      _destroyed: false,
      injectorDefTypes: Set(0) {}
    }
  },
  type: 13
}
[ROUTER SERVER EVENT] ChildActivationStart {
  snapshot: ActivatedRouteSnapshot {
    url: [],
    params: {},
    queryParams: {},
    fragment: null,
    data: { breadcrumb: 'Home' },
    outlet: 'primary',
    component: [class _LayoutComponent] {
      'ɵfac': [Function: LayoutComponent_Factory],
      'ɵcmp': [Object],
      decorators: [Array],
      ctorParameters: [Function (anonymous)]
    },
    routeConfig: {
      component: [Function],
      path: '',
      loadChildren: [Function: loadChildren],
      data: [Object],
      'ɵentryName': 'src/app/home/home.module.ts',
      _loadedRoutes: [Array],
      _loadedInjector: [R3Injector],
      _loadedNgModuleFactory: [NgModuleFactory2]
    },
    _resolve: {},
    _resolvedData: undefined,
    _routerState: RouterStateSnapshot { _root: [TreeNode], url: '/' },
    _paramMap: undefined,
    _queryParamMap: undefined,
    _environmentInjector: R3Injector {
      parent: [R3Injector],
      source: 'Environment Injector',
      scopes: [Set],
      records: [Map],
      _ngOnDestroyHooks: [Set],
      _onDestroyHooks: [Array],
      _destroyed: false,
      injectorDefTypes: Set(0) {}
    }
  },
  type: 11
}
[ROUTER SERVER EVENT] ActivationStart {
  snapshot: ActivatedRouteSnapshot {
    url: [],
    params: {},
    queryParams: {},
    fragment: null,
    data: { breadcrumb: 'Home' },
    outlet: 'primary',
    component: [class _HomeComponent] {
      'ɵfac': [Function: HomeComponent_Factory],
      'ɵcmp': [Object],
      decorators: [Array],
      ctorParameters: [Function (anonymous)],
      propDecorators: [Object],
      __NG_ELEMENT_ID__: 7
    },
    routeConfig: { path: '', component: [Function] },
    _resolve: {},
    _resolvedData: undefined,
    _routerState: RouterStateSnapshot { _root: [TreeNode], url: '/' },
    _paramMap: undefined,
    _queryParamMap: undefined,
    _environmentInjector: R3Injector {
      parent: [R3Injector],
      source: '_HomeModule',
      scopes: [Set],
      records: [Map],
      _ngOnDestroyHooks: Set(0) {},
      _onDestroyHooks: [],
      _destroyed: false,
      injectorDefTypes: [Set]
    }
  },
  type: 13
}
[ROUTER SERVER EVENT] GuardsCheckEnd {
  id: 1,
  url: '/',
  urlAfterRedirects: '/',
  state: RouterStateSnapshot {
    _root: TreeNode { value: [ActivatedRouteSnapshot], children: [Array] },
    url: '/'
  },
  shouldActivate: true,
  type: 8
}
[ROUTER SERVER] url: /
[ROUTER SERVER] urlAfterRedirects: /
[ROUTER SERVER EVENT] ResolveStart {
  id: 1,
  url: '/',
  urlAfterRedirects: '/',
  state: RouterStateSnapshot {
    _root: TreeNode { value: [ActivatedRouteSnapshot], children: [Array] },
    url: '/'
  },
  type: 5
}
[ROUTER SERVER] url: /
[ROUTER SERVER] urlAfterRedirects: /
[ROUTER SERVER EVENT] ResolveEnd {
  id: 1,
  url: '/',
  urlAfterRedirects: '/',
  state: RouterStateSnapshot {
    _root: TreeNode { value: [ActivatedRouteSnapshot], children: [Array] },
    url: '/'
  },
  type: 6
}
[ROUTER SERVER] url: /
[ROUTER SERVER] urlAfterRedirects: /
[ROUTER SERVER EVENT] ActivationEnd {
  snapshot: ActivatedRouteSnapshot {
    url: [],
    params: {},
    queryParams: {},
    fragment: null,
    data: { breadcrumb: 'Home' },
    outlet: 'primary',
    component: [class _HomeComponent] {
      'ɵfac': [Function: HomeComponent_Factory],
      'ɵcmp': [Object],
      decorators: [Array],
      ctorParameters: [Function (anonymous)],
      propDecorators: [Object],
      __NG_ELEMENT_ID__: 7
    },
    routeConfig: { path: '', component: [Function] },
    _resolve: {},
    _resolvedData: {},
    _routerState: RouterStateSnapshot { _root: [TreeNode], url: '/' },
    _paramMap: undefined,
    _queryParamMap: undefined,
    _environmentInjector: R3Injector {
      parent: [R3Injector],
      source: '_HomeModule',
      scopes: [Set],
      records: [Map],
      _ngOnDestroyHooks: Set(0) {},
      _onDestroyHooks: [],
      _destroyed: false,
      injectorDefTypes: [Set]
    }
  },
  type: 14
}
[ROUTER SERVER EVENT] ChildActivationEnd {
  snapshot: ActivatedRouteSnapshot {
    url: [],
    params: {},
    queryParams: {},
    fragment: null,
    data: { breadcrumb: 'Home' },
    outlet: 'primary',
    component: [class _LayoutComponent] {
      'ɵfac': [Function: LayoutComponent_Factory],
      'ɵcmp': [Object],
      decorators: [Array],
      ctorParameters: [Function (anonymous)],
      __NG_ELEMENT_ID__: 20
    },
    routeConfig: {
      component: [Function],
      path: '',
      loadChildren: [Function: loadChildren],
      data: [Object],
      'ɵentryName': 'src/app/home/home.module.ts',
      _loadedRoutes: [Array],
      _loadedInjector: [R3Injector],
      _loadedNgModuleFactory: [NgModuleFactory2]
    },
    _resolve: {},
    _resolvedData: {},
    _routerState: RouterStateSnapshot { _root: [TreeNode], url: '/' },
    _paramMap: undefined,
    _queryParamMap: undefined,
    _environmentInjector: R3Injector {
      parent: [R3Injector],
      source: 'Environment Injector',
      scopes: [Set],
      records: [Map],
      _ngOnDestroyHooks: [Set],
      _onDestroyHooks: [Array],
      _destroyed: false,
      injectorDefTypes: Set(0) {}
    }
  },
  type: 12
}
[ROUTER SERVER EVENT] ActivationEnd {
  snapshot: ActivatedRouteSnapshot {
    url: [],
    params: {},
    queryParams: {},
    fragment: null,
    data: { breadcrumb: 'Home' },
    outlet: 'primary',
    component: [class _LayoutComponent] {
      'ɵfac': [Function: LayoutComponent_Factory],
      'ɵcmp': [Object],
      decorators: [Array],
      ctorParameters: [Function (anonymous)],
      __NG_ELEMENT_ID__: 20
    },
    routeConfig: {
      component: [Function],
      path: '',
      loadChildren: [Function: loadChildren],
      data: [Object],
      'ɵentryName': 'src/app/home/home.module.ts',
      _loadedRoutes: [Array],
      _loadedInjector: [R3Injector],
      _loadedNgModuleFactory: [NgModuleFactory2]
    },
    _resolve: {},
    _resolvedData: {},
    _routerState: RouterStateSnapshot { _root: [TreeNode], url: '/' },
    _paramMap: undefined,
    _queryParamMap: undefined,
    _environmentInjector: R3Injector {
      parent: [R3Injector],
      source: 'Environment Injector',
      scopes: [Set],
      records: [Map],
      _ngOnDestroyHooks: [Set],
      _onDestroyHooks: [Array],
      _destroyed: false,
      injectorDefTypes: Set(0) {}
    }
  },
  type: 14
}
[ROUTER SERVER EVENT] ChildActivationEnd {
  snapshot: ActivatedRouteSnapshot {
    url: [],
    params: {},
    queryParams: {},
    fragment: null,
    data: {},
    outlet: 'primary',
    component: null,
    routeConfig: null,
    _resolve: {},
    _resolvedData: undefined,
    _routerState: RouterStateSnapshot { _root: [TreeNode], url: '/' },
    _paramMap: undefined,
    _queryParamMap: undefined,
    _environmentInjector: R3Injector {
      parent: [R3Injector],
      source: 'Environment Injector',
      scopes: [Set],
      records: [Map],
      _ngOnDestroyHooks: [Set],
      _onDestroyHooks: [Array],
      _destroyed: false,
      injectorDefTypes: Set(0) {}
    }
  },
  type: 12
}
[ROUTER SERVER EVENT] NavigationEnd { id: 1, url: '/', urlAfterRedirects: '/', type: 1 }
[ROUTER SERVER] url: /
[ROUTER SERVER] urlAfterRedirects: /
[ROUTER SERVER EVENT] Scroll {
  routerEvent: NavigationEnd { id: 1, url: '/', urlAfterRedirects: '/', type: 1 },
  position: null,
  anchor: null,
  scrollBehavior: undefined,
  type: 15
}
request /account/userinfo [Function: status]
request /account/userinfo [Function: status]
request / [Function: status]
[ROUTER SERVER EVENT] NavigationStart {
  id: 1,
  url: '/',
  type: 0,
  navigationTrigger: 'imperative',
  restoredState: null
}
[ROUTER SERVER] NavigationStart trigger: imperative restoredState: null
[ROUTER SERVER] url: /
[ROUTER SERVER EVENT] RouteConfigLoadStart {
  route: {
    component: [class _LayoutComponent] {
      'ɵfac': [Function: LayoutComponent_Factory],
      'ɵcmp': [Object],
      decorators: [Array],
      ctorParameters: [Function (anonymous)],
      __NG_ELEMENT_ID__: 20
    },
    path: '',
    loadChildren: [Function: loadChildren],
    data: { breadcrumb: 'Home' },
    'ɵentryName': 'src/app/home/home.module.ts'
  },
  type: 9
}
[ROUTER SERVER EVENT] RouteConfigLoadEnd {
  route: {
    component: [class _LayoutComponent] {
      'ɵfac': [Function: LayoutComponent_Factory],
      'ɵcmp': [Object],
      decorators: [Array],
      ctorParameters: [Function (anonymous)],
      __NG_ELEMENT_ID__: 20
    },
    path: '',
    loadChildren: [Function: loadChildren],
    data: { breadcrumb: 'Home' },
    'ɵentryName': 'src/app/home/home.module.ts'
  },
  type: 10
}
[ROUTER SERVER EVENT] RoutesRecognized {
  id: 1,
  url: '/',
  urlAfterRedirects: '/',
  state: RouterStateSnapshot {
    _root: TreeNode { value: [ActivatedRouteSnapshot], children: [Array] },
    url: '/'
  },
  type: 4
}
[ROUTER SERVER] url: /
[ROUTER SERVER] urlAfterRedirects: /
[ROUTER SERVER EVENT] GuardsCheckStart {
  id: 1,
  url: '/',
  urlAfterRedirects: '/',
  state: RouterStateSnapshot {
    _root: TreeNode { value: [ActivatedRouteSnapshot], children: [Array] },
    url: '/'
  },
  type: 7
}
[ROUTER SERVER] url: /
[ROUTER SERVER] urlAfterRedirects: /
[ROUTER SERVER EVENT] ChildActivationStart {
  snapshot: ActivatedRouteSnapshot {
    url: [],
    params: {},
    queryParams: {},
    fragment: null,
    data: {},
    outlet: 'primary',
    component: null,
    routeConfig: null,
    _resolve: {},
    _resolvedData: undefined,
    _routerState: RouterStateSnapshot { _root: [TreeNode], url: '/' },
    _paramMap: undefined,
    _queryParamMap: undefined,
    _environmentInjector: R3Injector {
      parent: [R3Injector],
      source: 'Environment Injector',
      scopes: [Set],
      records: [Map],
      _ngOnDestroyHooks: [Set],
      _onDestroyHooks: [Array],
      _destroyed: false,
      injectorDefTypes: Set(0) {}
    }
  },
  type: 11
}
[ROUTER SERVER EVENT] ActivationStart {
  snapshot: ActivatedRouteSnapshot {
    url: [],
    params: {},
    queryParams: {},
    fragment: null,
    data: { breadcrumb: 'Home' },
    outlet: 'primary',
    component: [class _LayoutComponent] {
      'ɵfac': [Function: LayoutComponent_Factory],
      'ɵcmp': [Object],
      decorators: [Array],
      ctorParameters: [Function (anonymous)],
      __NG_ELEMENT_ID__: 20
    },
    routeConfig: {
      component: [Function],
      path: '',
      loadChildren: [Function: loadChildren],
      data: [Object],
      'ɵentryName': 'src/app/home/home.module.ts',
      _loadedRoutes: [Array],
      _loadedInjector: [R3Injector],
      _loadedNgModuleFactory: [NgModuleFactory2]
    },
    _resolve: {},
    _resolvedData: undefined,
    _routerState: RouterStateSnapshot { _root: [TreeNode], url: '/' },
    _paramMap: undefined,
    _queryParamMap: undefined,
    _environmentInjector: R3Injector {
      parent: [R3Injector],
      source: 'Environment Injector',
      scopes: [Set],
      records: [Map],
      _ngOnDestroyHooks: [Set],
      _onDestroyHooks: [Array],
      _destroyed: false,
      injectorDefTypes: Set(0) {}
    }
  },
  type: 13
}
[ROUTER SERVER EVENT] ChildActivationStart {
  snapshot: ActivatedRouteSnapshot {
    url: [],
    params: {},
    queryParams: {},
    fragment: null,
    data: { breadcrumb: 'Home' },
    outlet: 'primary',
    component: [class _LayoutComponent] {
      'ɵfac': [Function: LayoutComponent_Factory],
      'ɵcmp': [Object],
      decorators: [Array],
      ctorParameters: [Function (anonymous)],
      __NG_ELEMENT_ID__: 20
    },
    routeConfig: {
      component: [Function],
      path: '',
      loadChildren: [Function: loadChildren],
      data: [Object],
      'ɵentryName': 'src/app/home/home.module.ts',
      _loadedRoutes: [Array],
      _loadedInjector: [R3Injector],
      _loadedNgModuleFactory: [NgModuleFactory2]
    },
    _resolve: {},
    _resolvedData: undefined,
    _routerState: RouterStateSnapshot { _root: [TreeNode], url: '/' },
    _paramMap: undefined,
    _queryParamMap: undefined,
    _environmentInjector: R3Injector {
      parent: [R3Injector],
      source: 'Environment Injector',
      scopes: [Set],
      records: [Map],
      _ngOnDestroyHooks: [Set],
      _onDestroyHooks: [Array],
      _destroyed: false,
      injectorDefTypes: Set(0) {}
    }
  },
  type: 11
}
[ROUTER SERVER EVENT] ActivationStart {
  snapshot: ActivatedRouteSnapshot {
    url: [],
    params: {},
    queryParams: {},
    fragment: null,
    data: { breadcrumb: 'Home' },
    outlet: 'primary',
    component: [class _HomeComponent] {
      'ɵfac': [Function: HomeComponent_Factory],
      'ɵcmp': [Object],
      decorators: [Array],
      ctorParameters: [Function (anonymous)],
      propDecorators: [Object],
      __NG_ELEMENT_ID__: 7
    },
    routeConfig: { path: '', component: [Function] },
    _resolve: {},
    _resolvedData: undefined,
    _routerState: RouterStateSnapshot { _root: [TreeNode], url: '/' },
    _paramMap: undefined,
    _queryParamMap: undefined,
    _environmentInjector: R3Injector {
      parent: [R3Injector],
      source: '_HomeModule',
      scopes: [Set],
      records: [Map],
      _ngOnDestroyHooks: Set(0) {},
      _onDestroyHooks: [],
      _destroyed: false,
      injectorDefTypes: [Set]
    }
  },
  type: 13
}
[ROUTER SERVER EVENT] GuardsCheckEnd {
  id: 1,
  url: '/',
  urlAfterRedirects: '/',
  state: RouterStateSnapshot {
    _root: TreeNode { value: [ActivatedRouteSnapshot], children: [Array] },
    url: '/'
  },
  shouldActivate: true,
  type: 8
}
[ROUTER SERVER] url: /
[ROUTER SERVER] urlAfterRedirects: /
[ROUTER SERVER EVENT] ResolveStart {
  id: 1,
  url: '/',
  urlAfterRedirects: '/',
  state: RouterStateSnapshot {
    _root: TreeNode { value: [ActivatedRouteSnapshot], children: [Array] },
    url: '/'
  },
  type: 5
}
[ROUTER SERVER] url: /
[ROUTER SERVER] urlAfterRedirects: /
[ROUTER SERVER EVENT] ResolveEnd {
  id: 1,
  url: '/',
  urlAfterRedirects: '/',
  state: RouterStateSnapshot {
    _root: TreeNode { value: [ActivatedRouteSnapshot], children: [Array] },
    url: '/'
  },
  type: 6
}
[ROUTER SERVER] url: /
[ROUTER SERVER] urlAfterRedirects: /
[ROUTER SERVER EVENT] ActivationEnd {
  snapshot: ActivatedRouteSnapshot {
    url: [],
    params: {},
    queryParams: {},
    fragment: null,
    data: { breadcrumb: 'Home' },
    outlet: 'primary',
    component: [class _HomeComponent] {
      'ɵfac': [Function: HomeComponent_Factory],
      'ɵcmp': [Object],
      decorators: [Array],
      ctorParameters: [Function (anonymous)],
      propDecorators: [Object],
      __NG_ELEMENT_ID__: 7
    },
    routeConfig: { path: '', component: [Function] },
    _resolve: {},
    _resolvedData: {},
    _routerState: RouterStateSnapshot { _root: [TreeNode], url: '/' },
    _paramMap: undefined,
    _queryParamMap: undefined,
    _environmentInjector: R3Injector {
      parent: [R3Injector],
      source: '_HomeModule',
      scopes: [Set],
      records: [Map],
      _ngOnDestroyHooks: Set(0) {},
      _onDestroyHooks: [],
      _destroyed: false,
      injectorDefTypes: [Set]
    }
  },
  type: 14
}
[ROUTER SERVER EVENT] ChildActivationEnd {
  snapshot: ActivatedRouteSnapshot {
    url: [],
    params: {},
    queryParams: {},
    fragment: null,
    data: { breadcrumb: 'Home' },
    outlet: 'primary',
    component: [class _LayoutComponent] {
      'ɵfac': [Function: LayoutComponent_Factory],
      'ɵcmp': [Object],
      decorators: [Array],
      ctorParameters: [Function (anonymous)],
      __NG_ELEMENT_ID__: 20
    },
    routeConfig: {
      component: [Function],
      path: '',
      loadChildren: [Function: loadChildren],
      data: [Object],
      'ɵentryName': 'src/app/home/home.module.ts',
      _loadedRoutes: [Array],
      _loadedInjector: [R3Injector],
      _loadedNgModuleFactory: [NgModuleFactory2]
    },
    _resolve: {},
    _resolvedData: {},
    _routerState: RouterStateSnapshot { _root: [TreeNode], url: '/' },
    _paramMap: undefined,
    _queryParamMap: undefined,
    _environmentInjector: R3Injector {
      parent: [R3Injector],
      source: 'Environment Injector',
      scopes: [Set],
      records: [Map],
      _ngOnDestroyHooks: [Set],
      _onDestroyHooks: [Array],
      _destroyed: false,
      injectorDefTypes: Set(0) {}
    }
  },
  type: 12
}
[ROUTER SERVER EVENT] ActivationEnd {
  snapshot: ActivatedRouteSnapshot {
    url: [],
    params: {},
    queryParams: {},
    fragment: null,
    data: { breadcrumb: 'Home' },
    outlet: 'primary',
    component: [class _LayoutComponent] {
      'ɵfac': [Function: LayoutComponent_Factory],
      'ɵcmp': [Object],
      decorators: [Array],
      ctorParameters: [Function (anonymous)],
      __NG_ELEMENT_ID__: 20
    },
    routeConfig: {
      component: [Function],
      path: '',
      loadChildren: [Function: loadChildren],
      data: [Object],
      'ɵentryName': 'src/app/home/home.module.ts',
      _loadedRoutes: [Array],
      _loadedInjector: [R3Injector],
      _loadedNgModuleFactory: [NgModuleFactory2]
    },
    _resolve: {},
    _resolvedData: {},
    _routerState: RouterStateSnapshot { _root: [TreeNode], url: '/' },
    _paramMap: undefined,
    _queryParamMap: undefined,
    _environmentInjector: R3Injector {
      parent: [R3Injector],
      source: 'Environment Injector',
      scopes: [Set],
      records: [Map],
      _ngOnDestroyHooks: [Set],
      _onDestroyHooks: [Array],
      _destroyed: false,
      injectorDefTypes: Set(0) {}
    }
  },
  type: 14
}
[ROUTER SERVER EVENT] ChildActivationEnd {
  snapshot: ActivatedRouteSnapshot {
    url: [],
    params: {},
    queryParams: {},
    fragment: null,
    data: {},
    outlet: 'primary',
    component: null,
    routeConfig: null,
    _resolve: {},
    _resolvedData: undefined,
    _routerState: RouterStateSnapshot { _root: [TreeNode], url: '/' },
    _paramMap: undefined,
    _queryParamMap: undefined,
    _environmentInjector: R3Injector {
      parent: [R3Injector],
      source: 'Environment Injector',
      scopes: [Set],
      records: [Map],
      _ngOnDestroyHooks: [Set],
      _onDestroyHooks: [Array],
      _destroyed: false,
      injectorDefTypes: Set(0) {}
    }
  },
  type: 12
}
[ROUTER SERVER EVENT] NavigationEnd { id: 1, url: '/', urlAfterRedirects: '/', type: 1 }
[ROUTER SERVER] url: /
[ROUTER SERVER] urlAfterRedirects: /
[ROUTER SERVER EVENT] Scroll {
  routerEvent: NavigationEnd { id: 1, url: '/', urlAfterRedirects: '/', type: 1 },
  position: null,
  anchor: null,
  scrollBehavior: undefined,
  type: 15
}
request /account/userinfo [Function: status]
request /account/login [Function: status]
[ROUTER SERVER EVENT] NavigationStart {
  id: 1,
  url: '/account/login',
  type: 0,
  navigationTrigger: 'imperative',
  restoredState: null
}
[ROUTER SERVER] NavigationStart trigger: imperative restoredState: null
[ROUTER SERVER] url: /account/login
[ROUTER SERVER EVENT] RouteConfigLoadStart {
  route: {
    component: [class _LayoutComponent] {
      'ɵfac': [Function: LayoutComponent_Factory],
      'ɵcmp': [Object],
      decorators: [Array],
      ctorParameters: [Function (anonymous)],
      __NG_ELEMENT_ID__: 20
    },
    path: 'account',
    loadChildren: [Function: loadChildren],
    data: { breadcrumb: 'Account' },
    'ɵentryName': 'src/app/account/account.module.ts'
  },
  type: 9
}
[ROUTER SERVER EVENT] RouteConfigLoadEnd {
  route: {
    component: [class _LayoutComponent] {
      'ɵfac': [Function: LayoutComponent_Factory],
      'ɵcmp': [Object],
      decorators: [Array],
      ctorParameters: [Function (anonymous)],
      __NG_ELEMENT_ID__: 20
    },
    path: 'account',
    loadChildren: [Function: loadChildren],
    data: { breadcrumb: 'Account' },
    'ɵentryName': 'src/app/account/account.module.ts'
  },
  type: 10
}
[ROUTER SERVER EVENT] RoutesRecognized {
  id: 1,
  url: '/account/login',
  urlAfterRedirects: '/account/login',
  state: RouterStateSnapshot {
    _root: TreeNode { value: [ActivatedRouteSnapshot], children: [Array] },
    url: '/account/login'
  },
  type: 4
}
[ROUTER SERVER] url: /account/login
[ROUTER SERVER] urlAfterRedirects: /account/login
[ROUTER SERVER EVENT] GuardsCheckStart {
  id: 1,
  url: '/account/login',
  urlAfterRedirects: '/account/login',
  state: RouterStateSnapshot {
    _root: TreeNode { value: [ActivatedRouteSnapshot], children: [Array] },
    url: '/account/login'
  },
  type: 7
}
[ROUTER SERVER] url: /account/login
[ROUTER SERVER] urlAfterRedirects: /account/login
[ROUTER SERVER EVENT] ChildActivationStart {
  snapshot: ActivatedRouteSnapshot {
    url: [],
    params: {},
    queryParams: {},
    fragment: null,
    data: {},
    outlet: 'primary',
    component: null,
    routeConfig: null,
    _resolve: {},
    _resolvedData: undefined,
    _routerState: RouterStateSnapshot { _root: [TreeNode], url: '/account/login' },
    _paramMap: undefined,
    _queryParamMap: undefined,
    _environmentInjector: R3Injector {
      parent: [R3Injector],
      source: 'Environment Injector',
      scopes: [Set],
      records: [Map],
      _ngOnDestroyHooks: [Set],
      _onDestroyHooks: [Array],
      _destroyed: false,
      injectorDefTypes: Set(0) {}
    }
  },
  type: 11
}
[ROUTER SERVER EVENT] ActivationStart {
  snapshot: ActivatedRouteSnapshot {
    url: [ [UrlSegment] ],
    params: {},
    queryParams: {},
    fragment: null,
    data: { breadcrumb: 'Account' },
    outlet: 'primary',
    component: [class _LayoutComponent] {
      'ɵfac': [Function: LayoutComponent_Factory],
      'ɵcmp': [Object],
      decorators: [Array],
      ctorParameters: [Function (anonymous)],
      __NG_ELEMENT_ID__: 20
    },
    routeConfig: {
      component: [Function],
      path: 'account',
      loadChildren: [Function: loadChildren],
      data: [Object],
      'ɵentryName': 'src/app/account/account.module.ts',
      _loadedRoutes: [Array],
      _loadedInjector: [R3Injector],
      _loadedNgModuleFactory: [NgModuleFactory2]
    },
    _resolve: {},
    _resolvedData: undefined,
    _routerState: RouterStateSnapshot { _root: [TreeNode], url: '/account/login' },
    _paramMap: undefined,
    _queryParamMap: undefined,
    _environmentInjector: R3Injector {
      parent: [R3Injector],
      source: 'Environment Injector',
      scopes: [Set],
      records: [Map],
      _ngOnDestroyHooks: [Set],
      _onDestroyHooks: [Array],
      _destroyed: false,
      injectorDefTypes: Set(0) {}
    }
  },
  type: 13
}
[ROUTER SERVER EVENT] ChildActivationStart {
  snapshot: ActivatedRouteSnapshot {
    url: [ [UrlSegment] ],
    params: {},
    queryParams: {},
    fragment: null,
    data: { breadcrumb: 'Account' },
    outlet: 'primary',
    component: [class _LayoutComponent] {
      'ɵfac': [Function: LayoutComponent_Factory],
      'ɵcmp': [Object],
      decorators: [Array],
      ctorParameters: [Function (anonymous)],
      __NG_ELEMENT_ID__: 20
    },
    routeConfig: {
      component: [Function],
      path: 'account',
      loadChildren: [Function: loadChildren],
      data: [Object],
      'ɵentryName': 'src/app/account/account.module.ts',
      _loadedRoutes: [Array],
      _loadedInjector: [R3Injector],
      _loadedNgModuleFactory: [NgModuleFactory2]
    },
    _resolve: {},
    _resolvedData: undefined,
    _routerState: RouterStateSnapshot { _root: [TreeNode], url: '/account/login' },
    _paramMap: undefined,
    _queryParamMap: undefined,
    _environmentInjector: R3Injector {
      parent: [R3Injector],
      source: 'Environment Injector',
      scopes: [Set],
      records: [Map],
      _ngOnDestroyHooks: [Set],
      _onDestroyHooks: [Array],
      _destroyed: false,
      injectorDefTypes: Set(0) {}
    }
  },
  type: 11
}
[ROUTER SERVER EVENT] ActivationStart {
  snapshot: ActivatedRouteSnapshot {
    url: [ [UrlSegment] ],
    params: {},
    queryParams: {},
    fragment: null,
    data: { breadcrumb: 'Login' },
    outlet: 'primary',
    component: [class _LoginComponent] {
      'ɵfac': [Function: LoginComponent_Factory],
      'ɵcmp': [Object],
      decorators: [Array],
      ctorParameters: [Function (anonymous)]
    },
    routeConfig: { path: 'login', component: [Function], data: [Object] },
    _resolve: {},
    _resolvedData: undefined,
    _routerState: RouterStateSnapshot { _root: [TreeNode], url: '/account/login' },
    _paramMap: undefined,
    _queryParamMap: undefined,
    _environmentInjector: R3Injector {
      parent: [R3Injector],
      source: '_AccountModule',
      scopes: [Set],
      records: [Map],
      _ngOnDestroyHooks: Set(0) {},
      _onDestroyHooks: [],
      _destroyed: false,
      injectorDefTypes: [Set]
    }
  },
  type: 13
}
[ROUTER SERVER EVENT] GuardsCheckEnd {
  id: 1,
  url: '/account/login',
  urlAfterRedirects: '/account/login',
  state: RouterStateSnapshot {
    _root: TreeNode { value: [ActivatedRouteSnapshot], children: [Array] },
    url: '/account/login'
  },
  shouldActivate: true,
  type: 8
}
[ROUTER SERVER] url: /account/login
[ROUTER SERVER] urlAfterRedirects: /account/login
[ROUTER SERVER EVENT] ResolveStart {
  id: 1,
  url: '/account/login',
  urlAfterRedirects: '/account/login',
  state: RouterStateSnapshot {
    _root: TreeNode { value: [ActivatedRouteSnapshot], children: [Array] },
    url: '/account/login'
  },
  type: 5
}
[ROUTER SERVER] url: /account/login
[ROUTER SERVER] urlAfterRedirects: /account/login
[ROUTER SERVER EVENT] ResolveEnd {
  id: 1,
  url: '/account/login',
  urlAfterRedirects: '/account/login',
  state: RouterStateSnapshot {
    _root: TreeNode { value: [ActivatedRouteSnapshot], children: [Array] },
    url: '/account/login'
  },
  type: 6
}
[ROUTER SERVER] url: /account/login
[ROUTER SERVER] urlAfterRedirects: /account/login
[ROUTER SERVER EVENT] ActivationEnd {
  snapshot: ActivatedRouteSnapshot {
    url: [ [UrlSegment] ],
    params: {},
    queryParams: {},
    fragment: null,
    data: { breadcrumb: 'Login' },
    outlet: 'primary',
    component: [class _LoginComponent] {
      'ɵfac': [Function: LoginComponent_Factory],
      'ɵcmp': [Object],
      decorators: [Array],
      ctorParameters: [Function (anonymous)]
    },
    routeConfig: { path: 'login', component: [Function], data: [Object] },
    _resolve: {},
    _resolvedData: {},
    _routerState: RouterStateSnapshot { _root: [TreeNode], url: '/account/login' },
    _paramMap: undefined,
    _queryParamMap: undefined,
    _environmentInjector: R3Injector {
      parent: [R3Injector],
      source: '_AccountModule',
      scopes: [Set],
      records: [Map],
      _ngOnDestroyHooks: Set(0) {},
      _onDestroyHooks: [],
      _destroyed: false,
      injectorDefTypes: [Set]
    }
  },
  type: 14
}
[ROUTER SERVER EVENT] ChildActivationEnd {
  snapshot: ActivatedRouteSnapshot {
    url: [ [UrlSegment] ],
    params: {},
    queryParams: {},
    fragment: null,
    data: { breadcrumb: 'Account' },
    outlet: 'primary',
    component: [class _LayoutComponent] {
      'ɵfac': [Function: LayoutComponent_Factory],
      'ɵcmp': [Object],
      decorators: [Array],
      ctorParameters: [Function (anonymous)],
      __NG_ELEMENT_ID__: 20
    },
    routeConfig: {
      component: [Function],
      path: 'account',
      loadChildren: [Function: loadChildren],
      data: [Object],
      'ɵentryName': 'src/app/account/account.module.ts',
      _loadedRoutes: [Array],
      _loadedInjector: [R3Injector],
      _loadedNgModuleFactory: [NgModuleFactory2]
    },
    _resolve: {},
    _resolvedData: {},
    _routerState: RouterStateSnapshot { _root: [TreeNode], url: '/account/login' },
    _paramMap: undefined,
    _queryParamMap: undefined,
    _environmentInjector: R3Injector {
      parent: [R3Injector],
      source: 'Environment Injector',
      scopes: [Set],
      records: [Map],
      _ngOnDestroyHooks: [Set],
      _onDestroyHooks: [Array],
      _destroyed: false,
      injectorDefTypes: Set(0) {}
    }
  },
  type: 12
}
[ROUTER SERVER EVENT] ActivationEnd {
  snapshot: ActivatedRouteSnapshot {
    url: [ [UrlSegment] ],
    params: {},
    queryParams: {},
    fragment: null,
    data: { breadcrumb: 'Account' },
    outlet: 'primary',
    component: [class _LayoutComponent] {
      'ɵfac': [Function: LayoutComponent_Factory],
      'ɵcmp': [Object],
      decorators: [Array],
      ctorParameters: [Function (anonymous)],
      __NG_ELEMENT_ID__: 20
    },
    routeConfig: {
      component: [Function],
      path: 'account',
      loadChildren: [Function: loadChildren],
      data: [Object],
      'ɵentryName': 'src/app/account/account.module.ts',
      _loadedRoutes: [Array],
      _loadedInjector: [R3Injector],
      _loadedNgModuleFactory: [NgModuleFactory2]
    },
    _resolve: {},
    _resolvedData: {},
    _routerState: RouterStateSnapshot { _root: [TreeNode], url: '/account/login' },
    _paramMap: undefined,
    _queryParamMap: undefined,
    _environmentInjector: R3Injector {
      parent: [R3Injector],
      source: 'Environment Injector',
      scopes: [Set],
      records: [Map],
      _ngOnDestroyHooks: [Set],
      _onDestroyHooks: [Array],
      _destroyed: false,
      injectorDefTypes: Set(0) {}
    }
  },
  type: 14
}
[ROUTER SERVER EVENT] ChildActivationEnd {
  snapshot: ActivatedRouteSnapshot {
    url: [],
    params: {},
    queryParams: {},
    fragment: null,
    data: {},
    outlet: 'primary',
    component: null,
    routeConfig: null,
    _resolve: {},
    _resolvedData: undefined,
    _routerState: RouterStateSnapshot { _root: [TreeNode], url: '/account/login' },
    _paramMap: undefined,
    _queryParamMap: undefined,
    _environmentInjector: R3Injector {
      parent: [R3Injector],
      source: 'Environment Injector',
      scopes: [Set],
      records: [Map],
      _ngOnDestroyHooks: [Set],
      _onDestroyHooks: [Array],
      _destroyed: false,
      injectorDefTypes: Set(0) {}
    }
  },
  type: 12
}
[ROUTER SERVER EVENT] NavigationEnd {
  id: 1,
  url: '/account/login',
  urlAfterRedirects: '/account/login',
  type: 1
}
[ROUTER SERVER] url: /account/login
[ROUTER SERVER] urlAfterRedirects: /account/login
[ROUTER SERVER EVENT] Scroll {
  routerEvent: NavigationEnd {
    id: 1,
    url: '/account/login',
    urlAfterRedirects: '/account/login',
    type: 1
  },
  position: null,
  anchor: null,
  scrollBehavior: undefined,
  type: 15
}
request /exercises/lesson [Function: status]
request / [Function: status]
[ROUTER SERVER EVENT] NavigationStart {
  id: 1,
  url: '/',
  type: 0,
  navigationTrigger: 'imperative',
  restoredState: null
}
[ROUTER SERVER] NavigationStart trigger: imperative restoredState: null
[ROUTER SERVER] url: /
[ROUTER SERVER EVENT] RouteConfigLoadStart {
  route: {
    component: [class _LayoutComponent] {
      'ɵfac': [Function: LayoutComponent_Factory],
      'ɵcmp': [Object],
      decorators: [Array],
      ctorParameters: [Function (anonymous)],
      __NG_ELEMENT_ID__: 20
    },
    path: '',
    loadChildren: [Function: loadChildren],
    data: { breadcrumb: 'Home' },
    'ɵentryName': 'src/app/home/home.module.ts'
  },
  type: 9
}
[ROUTER SERVER EVENT] RouteConfigLoadEnd {
  route: {
    component: [class _LayoutComponent] {
      'ɵfac': [Function: LayoutComponent_Factory],
      'ɵcmp': [Object],
      decorators: [Array],
      ctorParameters: [Function (anonymous)],
      __NG_ELEMENT_ID__: 20
    },
    path: '',
    loadChildren: [Function: loadChildren],
    data: { breadcrumb: 'Home' },
    'ɵentryName': 'src/app/home/home.module.ts'
  },
  type: 10
}
[ROUTER SERVER EVENT] RoutesRecognized {
  id: 1,
  url: '/',
  urlAfterRedirects: '/',
  state: RouterStateSnapshot {
    _root: TreeNode { value: [ActivatedRouteSnapshot], children: [Array] },
    url: '/'
  },
  type: 4
}
[ROUTER SERVER] url: /
[ROUTER SERVER] urlAfterRedirects: /
[ROUTER SERVER EVENT] GuardsCheckStart {
  id: 1,
  url: '/',
  urlAfterRedirects: '/',
  state: RouterStateSnapshot {
    _root: TreeNode { value: [ActivatedRouteSnapshot], children: [Array] },
    url: '/'
  },
  type: 7
}
[ROUTER SERVER] url: /
[ROUTER SERVER] urlAfterRedirects: /
[ROUTER SERVER EVENT] ChildActivationStart {
  snapshot: ActivatedRouteSnapshot {
    url: [],
    params: {},
    queryParams: {},
    fragment: null,
    data: {},
    outlet: 'primary',
    component: null,
    routeConfig: null,
    _resolve: {},
    _resolvedData: undefined,
    _routerState: RouterStateSnapshot { _root: [TreeNode], url: '/' },
    _paramMap: undefined,
    _queryParamMap: undefined,
    _environmentInjector: R3Injector {
      parent: [R3Injector],
      source: 'Environment Injector',
      scopes: [Set],
      records: [Map],
      _ngOnDestroyHooks: [Set],
      _onDestroyHooks: [Array],
      _destroyed: false,
      injectorDefTypes: Set(0) {}
    }
  },
  type: 11
}
[ROUTER SERVER EVENT] ActivationStart {
  snapshot: ActivatedRouteSnapshot {
    url: [],
    params: {},
    queryParams: {},
    fragment: null,
    data: { breadcrumb: 'Home' },
    outlet: 'primary',
    component: [class _LayoutComponent] {
      'ɵfac': [Function: LayoutComponent_Factory],
      'ɵcmp': [Object],
      decorators: [Array],
      ctorParameters: [Function (anonymous)],
      __NG_ELEMENT_ID__: 20
    },
    routeConfig: {
      component: [Function],
      path: '',
      loadChildren: [Function: loadChildren],
      data: [Object],
      'ɵentryName': 'src/app/home/home.module.ts',
      _loadedRoutes: [Array],
      _loadedInjector: [R3Injector],
      _loadedNgModuleFactory: [NgModuleFactory2]
    },
    _resolve: {},
    _resolvedData: undefined,
    _routerState: RouterStateSnapshot { _root: [TreeNode], url: '/' },
    _paramMap: undefined,
    _queryParamMap: undefined,
    _environmentInjector: R3Injector {
      parent: [R3Injector],
      source: 'Environment Injector',
      scopes: [Set],
      records: [Map],
      _ngOnDestroyHooks: [Set],
      _onDestroyHooks: [Array],
      _destroyed: false,
      injectorDefTypes: Set(0) {}
    }
  },
  type: 13
}
[ROUTER SERVER EVENT] ChildActivationStart {
  snapshot: ActivatedRouteSnapshot {
    url: [],
    params: {},
    queryParams: {},
    fragment: null,
    data: { breadcrumb: 'Home' },
    outlet: 'primary',
    component: [class _LayoutComponent] {
      'ɵfac': [Function: LayoutComponent_Factory],
      'ɵcmp': [Object],
      decorators: [Array],
      ctorParameters: [Function (anonymous)],
      __NG_ELEMENT_ID__: 20
    },
    routeConfig: {
      component: [Function],
      path: '',
      loadChildren: [Function: loadChildren],
      data: [Object],
      'ɵentryName': 'src/app/home/home.module.ts',
      _loadedRoutes: [Array],
      _loadedInjector: [R3Injector],
      _loadedNgModuleFactory: [NgModuleFactory2]
    },
    _resolve: {},
    _resolvedData: undefined,
    _routerState: RouterStateSnapshot { _root: [TreeNode], url: '/' },
    _paramMap: undefined,
    _queryParamMap: undefined,
    _environmentInjector: R3Injector {
      parent: [R3Injector],
      source: 'Environment Injector',
      scopes: [Set],
      records: [Map],
      _ngOnDestroyHooks: [Set],
      _onDestroyHooks: [Array],
      _destroyed: false,
      injectorDefTypes: Set(0) {}
    }
  },
  type: 11
}
[ROUTER SERVER EVENT] ActivationStart {
  snapshot: ActivatedRouteSnapshot {
    url: [],
    params: {},
    queryParams: {},
    fragment: null,
    data: { breadcrumb: 'Home' },
    outlet: 'primary',
    component: [class _HomeComponent] {
      'ɵfac': [Function: HomeComponent_Factory],
      'ɵcmp': [Object],
      decorators: [Array],
      ctorParameters: [Function (anonymous)],
      propDecorators: [Object],
      __NG_ELEMENT_ID__: 7
    },
    routeConfig: { path: '', component: [Function] },
    _resolve: {},
    _resolvedData: undefined,
    _routerState: RouterStateSnapshot { _root: [TreeNode], url: '/' },
    _paramMap: undefined,
    _queryParamMap: undefined,
    _environmentInjector: R3Injector {
      parent: [R3Injector],
      source: '_HomeModule',
      scopes: [Set],
      records: [Map],
      _ngOnDestroyHooks: Set(0) {},
      _onDestroyHooks: [],
      _destroyed: false,
      injectorDefTypes: [Set]
    }
  },
  type: 13
}
[ROUTER SERVER EVENT] GuardsCheckEnd {
  id: 1,
  url: '/',
  urlAfterRedirects: '/',
  state: RouterStateSnapshot {
    _root: TreeNode { value: [ActivatedRouteSnapshot], children: [Array] },
    url: '/'
  },
  shouldActivate: true,
  type: 8
}
[ROUTER SERVER] url: /
[ROUTER SERVER] urlAfterRedirects: /
[ROUTER SERVER EVENT] ResolveStart {
  id: 1,
  url: '/',
  urlAfterRedirects: '/',
  state: RouterStateSnapshot {
    _root: TreeNode { value: [ActivatedRouteSnapshot], children: [Array] },
    url: '/'
  },
  type: 5
}
[ROUTER SERVER] url: /
[ROUTER SERVER] urlAfterRedirects: /
[ROUTER SERVER EVENT] ResolveEnd {
  id: 1,
  url: '/',
  urlAfterRedirects: '/',
  state: RouterStateSnapshot {
    _root: TreeNode { value: [ActivatedRouteSnapshot], children: [Array] },
    url: '/'
  },
  type: 6
}
[ROUTER SERVER] url: /
[ROUTER SERVER] urlAfterRedirects: /
[ROUTER SERVER EVENT] ActivationEnd {
  snapshot: ActivatedRouteSnapshot {
    url: [],
    params: {},
    queryParams: {},
    fragment: null,
    data: { breadcrumb: 'Home' },
    outlet: 'primary',
    component: [class _HomeComponent] {
      'ɵfac': [Function: HomeComponent_Factory],
      'ɵcmp': [Object],
      decorators: [Array],
      ctorParameters: [Function (anonymous)],
      propDecorators: [Object],
      __NG_ELEMENT_ID__: 7
    },
    routeConfig: { path: '', component: [Function] },
    _resolve: {},
    _resolvedData: {},
    _routerState: RouterStateSnapshot { _root: [TreeNode], url: '/' },
    _paramMap: undefined,
    _queryParamMap: undefined,
    _environmentInjector: R3Injector {
      parent: [R3Injector],
      source: '_HomeModule',
      scopes: [Set],
      records: [Map],
      _ngOnDestroyHooks: Set(0) {},
      _onDestroyHooks: [],
      _destroyed: false,
      injectorDefTypes: [Set]
    }
  },
  type: 14
}
[ROUTER SERVER EVENT] ChildActivationEnd {
  snapshot: ActivatedRouteSnapshot {
    url: [],
    params: {},
    queryParams: {},
    fragment: null,
    data: { breadcrumb: 'Home' },
    outlet: 'primary',
    component: [class _LayoutComponent] {
      'ɵfac': [Function: LayoutComponent_Factory],
      'ɵcmp': [Object],
      decorators: [Array],
      ctorParameters: [Function (anonymous)],
      __NG_ELEMENT_ID__: 20
    },
    routeConfig: {
      component: [Function],
      path: '',
      loadChildren: [Function: loadChildren],
      data: [Object],
      'ɵentryName': 'src/app/home/home.module.ts',
      _loadedRoutes: [Array],
      _loadedInjector: [R3Injector],
      _loadedNgModuleFactory: [NgModuleFactory2]
    },
    _resolve: {},
    _resolvedData: {},
    _routerState: RouterStateSnapshot { _root: [TreeNode], url: '/' },
    _paramMap: undefined,
    _queryParamMap: undefined,
    _environmentInjector: R3Injector {
      parent: [R3Injector],
      source: 'Environment Injector',
      scopes: [Set],
      records: [Map],
      _ngOnDestroyHooks: [Set],
      _onDestroyHooks: [Array],
      _destroyed: false,
      injectorDefTypes: Set(0) {}
    }
  },
  type: 12
}
[ROUTER SERVER EVENT] ActivationEnd {
  snapshot: ActivatedRouteSnapshot {
    url: [],
    params: {},
    queryParams: {},
    fragment: null,
    data: { breadcrumb: 'Home' },
    outlet: 'primary',
    component: [class _LayoutComponent] {
      'ɵfac': [Function: LayoutComponent_Factory],
      'ɵcmp': [Object],
      decorators: [Array],
      ctorParameters: [Function (anonymous)],
      __NG_ELEMENT_ID__: 20
    },
    routeConfig: {
      component: [Function],
      path: '',
      loadChildren: [Function: loadChildren],
      data: [Object],
      'ɵentryName': 'src/app/home/home.module.ts',
      _loadedRoutes: [Array],
      _loadedInjector: [R3Injector],
      _loadedNgModuleFactory: [NgModuleFactory2]
    },
    _resolve: {},
    _resolvedData: {},
    _routerState: RouterStateSnapshot { _root: [TreeNode], url: '/' },
    _paramMap: undefined,
    _queryParamMap: undefined,
    _environmentInjector: R3Injector {
      parent: [R3Injector],
      source: 'Environment Injector',
      scopes: [Set],
      records: [Map],
      _ngOnDestroyHooks: [Set],
      _onDestroyHooks: [Array],
      _destroyed: false,
      injectorDefTypes: Set(0) {}
    }
  },
  type: 14
}
[ROUTER SERVER EVENT] ChildActivationEnd {
  snapshot: ActivatedRouteSnapshot {
    url: [],
    params: {},
    queryParams: {},
    fragment: null,
    data: {},
    outlet: 'primary',
    component: null,
    routeConfig: null,
    _resolve: {},
    _resolvedData: undefined,
    _routerState: RouterStateSnapshot { _root: [TreeNode], url: '/' },
    _paramMap: undefined,
    _queryParamMap: undefined,
    _environmentInjector: R3Injector {
      parent: [R3Injector],
      source: 'Environment Injector',
      scopes: [Set],
      records: [Map],
      _ngOnDestroyHooks: [Set],
      _onDestroyHooks: [Array],
      _destroyed: false,
      injectorDefTypes: Set(0) {}
    }
  },
  type: 12
}
[ROUTER SERVER EVENT] NavigationEnd { id: 1, url: '/', urlAfterRedirects: '/', type: 1 }
[ROUTER SERVER] url: /
[ROUTER SERVER] urlAfterRedirects: /
[ROUTER SERVER EVENT] Scroll {
  routerEvent: NavigationEnd { id: 1, url: '/', urlAfterRedirects: '/', type: 1 },
  position: null,
  anchor: null,
  scrollBehavior: undefined,
  type: 15
}
request /account/userinfo [Function: status]
request /account/userinfo [Function: status]
request / [Function: status]
[ROUTER SERVER EVENT] NavigationStart {
  id: 1,
  url: '/',
  type: 0,
  navigationTrigger: 'imperative',
  restoredState: null
}
[ROUTER SERVER] NavigationStart trigger: imperative restoredState: null
[ROUTER SERVER] url: /
[ROUTER SERVER EVENT] RouteConfigLoadStart {
  route: {
    component: [class _LayoutComponent] {
      'ɵfac': [Function: LayoutComponent_Factory],
      'ɵcmp': [Object],
      decorators: [Array],
      ctorParameters: [Function (anonymous)],
      __NG_ELEMENT_ID__: 20
    },
    path: '',
    loadChildren: [Function: loadChildren],
    data: { breadcrumb: 'Home' },
    'ɵentryName': 'src/app/home/home.module.ts'
  },
  type: 9
}
[ROUTER SERVER EVENT] RouteConfigLoadEnd {
  route: {
    component: [class _LayoutComponent] {
      'ɵfac': [Function: LayoutComponent_Factory],
      'ɵcmp': [Object],
      decorators: [Array],
      ctorParameters: [Function (anonymous)],
      __NG_ELEMENT_ID__: 20
    },
    path: '',
    loadChildren: [Function: loadChildren],
    data: { breadcrumb: 'Home' },
    'ɵentryName': 'src/app/home/home.module.ts'
  },
  type: 10
}
[ROUTER SERVER EVENT] RoutesRecognized {
  id: 1,
  url: '/',
  urlAfterRedirects: '/',
  state: RouterStateSnapshot {
    _root: TreeNode { value: [ActivatedRouteSnapshot], children: [Array] },
    url: '/'
  },
  type: 4
}
[ROUTER SERVER] url: /
[ROUTER SERVER] urlAfterRedirects: /
[ROUTER SERVER EVENT] GuardsCheckStart {
  id: 1,
  url: '/',
  urlAfterRedirects: '/',
  state: RouterStateSnapshot {
    _root: TreeNode { value: [ActivatedRouteSnapshot], children: [Array] },
    url: '/'
  },
  type: 7
}
[ROUTER SERVER] url: /
[ROUTER SERVER] urlAfterRedirects: /
[ROUTER SERVER EVENT] ChildActivationStart {
  snapshot: ActivatedRouteSnapshot {
    url: [],
    params: {},
    queryParams: {},
    fragment: null,
    data: {},
    outlet: 'primary',
    component: null,
    routeConfig: null,
    _resolve: {},
    _resolvedData: undefined,
    _routerState: RouterStateSnapshot { _root: [TreeNode], url: '/' },
    _paramMap: undefined,
    _queryParamMap: undefined,
    _environmentInjector: R3Injector {
      parent: [R3Injector],
      source: 'Environment Injector',
      scopes: [Set],
      records: [Map],
      _ngOnDestroyHooks: [Set],
      _onDestroyHooks: [Array],
      _destroyed: false,
      injectorDefTypes: Set(0) {}
    }
  },
  type: 11
}
[ROUTER SERVER EVENT] ActivationStart {
  snapshot: ActivatedRouteSnapshot {
    url: [],
    params: {},
    queryParams: {},
    fragment: null,
    data: { breadcrumb: 'Home' },
    outlet: 'primary',
    component: [class _LayoutComponent] {
      'ɵfac': [Function: LayoutComponent_Factory],
      'ɵcmp': [Object],
      decorators: [Array],
      ctorParameters: [Function (anonymous)],
      __NG_ELEMENT_ID__: 20
    },
    routeConfig: {
      component: [Function],
      path: '',
      loadChildren: [Function: loadChildren],
      data: [Object],
      'ɵentryName': 'src/app/home/home.module.ts',
      _loadedRoutes: [Array],
      _loadedInjector: [R3Injector],
      _loadedNgModuleFactory: [NgModuleFactory2]
    },
    _resolve: {},
    _resolvedData: undefined,
    _routerState: RouterStateSnapshot { _root: [TreeNode], url: '/' },
    _paramMap: undefined,
    _queryParamMap: undefined,
    _environmentInjector: R3Injector {
      parent: [R3Injector],
      source: 'Environment Injector',
      scopes: [Set],
      records: [Map],
      _ngOnDestroyHooks: [Set],
      _onDestroyHooks: [Array],
      _destroyed: false,
      injectorDefTypes: Set(0) {}
    }
  },
  type: 13
}
[ROUTER SERVER EVENT] ChildActivationStart {
  snapshot: ActivatedRouteSnapshot {
    url: [],
    params: {},
    queryParams: {},
    fragment: null,
    data: { breadcrumb: 'Home' },
    outlet: 'primary',
    component: [class _LayoutComponent] {
      'ɵfac': [Function: LayoutComponent_Factory],
      'ɵcmp': [Object],
      decorators: [Array],
      ctorParameters: [Function (anonymous)],
      __NG_ELEMENT_ID__: 20
    },
    routeConfig: {
      component: [Function],
      path: '',
      loadChildren: [Function: loadChildren],
      data: [Object],
      'ɵentryName': 'src/app/home/home.module.ts',
      _loadedRoutes: [Array],
      _loadedInjector: [R3Injector],
      _loadedNgModuleFactory: [NgModuleFactory2]
    },
    _resolve: {},
    _resolvedData: undefined,
    _routerState: RouterStateSnapshot { _root: [TreeNode], url: '/' },
    _paramMap: undefined,
    _queryParamMap: undefined,
    _environmentInjector: R3Injector {
      parent: [R3Injector],
      source: 'Environment Injector',
      scopes: [Set],
      records: [Map],
      _ngOnDestroyHooks: [Set],
      _onDestroyHooks: [Array],
      _destroyed: false,
      injectorDefTypes: Set(0) {}
    }
  },
  type: 11
}
[ROUTER SERVER EVENT] ActivationStart {
  snapshot: ActivatedRouteSnapshot {
    url: [],
    params: {},
    queryParams: {},
    fragment: null,
    data: { breadcrumb: 'Home' },
    outlet: 'primary',
    component: [class _HomeComponent] {
      'ɵfac': [Function: HomeComponent_Factory],
      'ɵcmp': [Object],
      decorators: [Array],
      ctorParameters: [Function (anonymous)],
      propDecorators: [Object],
      __NG_ELEMENT_ID__: 7
    },
    routeConfig: { path: '', component: [Function] },
    _resolve: {},
    _resolvedData: undefined,
    _routerState: RouterStateSnapshot { _root: [TreeNode], url: '/' },
    _paramMap: undefined,
    _queryParamMap: undefined,
    _environmentInjector: R3Injector {
      parent: [R3Injector],
      source: '_HomeModule',
      scopes: [Set],
      records: [Map],
      _ngOnDestroyHooks: Set(0) {},
      _onDestroyHooks: [],
      _destroyed: false,
      injectorDefTypes: [Set]
    }
  },
  type: 13
}
[ROUTER SERVER EVENT] GuardsCheckEnd {
  id: 1,
  url: '/',
  urlAfterRedirects: '/',
  state: RouterStateSnapshot {
    _root: TreeNode { value: [ActivatedRouteSnapshot], children: [Array] },
    url: '/'
  },
  shouldActivate: true,
  type: 8
}
[ROUTER SERVER] url: /
[ROUTER SERVER] urlAfterRedirects: /
[ROUTER SERVER EVENT] ResolveStart {
  id: 1,
  url: '/',
  urlAfterRedirects: '/',
  state: RouterStateSnapshot {
    _root: TreeNode { value: [ActivatedRouteSnapshot], children: [Array] },
    url: '/'
  },
  type: 5
}
[ROUTER SERVER] url: /
[ROUTER SERVER] urlAfterRedirects: /
[ROUTER SERVER EVENT] ResolveEnd {
  id: 1,
  url: '/',
  urlAfterRedirects: '/',
  state: RouterStateSnapshot {
    _root: TreeNode { value: [ActivatedRouteSnapshot], children: [Array] },
    url: '/'
  },
  type: 6
}
[ROUTER SERVER] url: /
[ROUTER SERVER] urlAfterRedirects: /
[ROUTER SERVER EVENT] ActivationEnd {
  snapshot: ActivatedRouteSnapshot {
    url: [],
    params: {},
    queryParams: {},
    fragment: null,
    data: { breadcrumb: 'Home' },
    outlet: 'primary',
    component: [class _HomeComponent] {
      'ɵfac': [Function: HomeComponent_Factory],
      'ɵcmp': [Object],
      decorators: [Array],
      ctorParameters: [Function (anonymous)],
      propDecorators: [Object],
      __NG_ELEMENT_ID__: 7
    },
    routeConfig: { path: '', component: [Function] },
    _resolve: {},
    _resolvedData: {},
    _routerState: RouterStateSnapshot { _root: [TreeNode], url: '/' },
    _paramMap: undefined,
    _queryParamMap: undefined,
    _environmentInjector: R3Injector {
      parent: [R3Injector],
      source: '_HomeModule',
      scopes: [Set],
      records: [Map],
      _ngOnDestroyHooks: Set(0) {},
      _onDestroyHooks: [],
      _destroyed: false,
      injectorDefTypes: [Set]
    }
  },
  type: 14
}
[ROUTER SERVER EVENT] ChildActivationEnd {
  snapshot: ActivatedRouteSnapshot {
    url: [],
    params: {},
    queryParams: {},
    fragment: null,
    data: { breadcrumb: 'Home' },
    outlet: 'primary',
    component: [class _LayoutComponent] {
      'ɵfac': [Function: LayoutComponent_Factory],
      'ɵcmp': [Object],
      decorators: [Array],
      ctorParameters: [Function (anonymous)],
      __NG_ELEMENT_ID__: 20
    },
    routeConfig: {
      component: [Function],
      path: '',
      loadChildren: [Function: loadChildren],
      data: [Object],
      'ɵentryName': 'src/app/home/home.module.ts',
      _loadedRoutes: [Array],
      _loadedInjector: [R3Injector],
      _loadedNgModuleFactory: [NgModuleFactory2]
    },
    _resolve: {},
    _resolvedData: {},
    _routerState: RouterStateSnapshot { _root: [TreeNode], url: '/' },
    _paramMap: undefined,
    _queryParamMap: undefined,
    _environmentInjector: R3Injector {
      parent: [R3Injector],
      source: 'Environment Injector',
      scopes: [Set],
      records: [Map],
      _ngOnDestroyHooks: [Set],
      _onDestroyHooks: [Array],
      _destroyed: false,
      injectorDefTypes: Set(0) {}
    }
  },
  type: 12
}
[ROUTER SERVER EVENT] ActivationEnd {
  snapshot: ActivatedRouteSnapshot {
    url: [],
    params: {},
    queryParams: {},
    fragment: null,
    data: { breadcrumb: 'Home' },
    outlet: 'primary',
    component: [class _LayoutComponent] {
      'ɵfac': [Function: LayoutComponent_Factory],
      'ɵcmp': [Object],
      decorators: [Array],
      ctorParameters: [Function (anonymous)],
      __NG_ELEMENT_ID__: 20
    },
    routeConfig: {
      component: [Function],
      path: '',
      loadChildren: [Function: loadChildren],
      data: [Object],
      'ɵentryName': 'src/app/home/home.module.ts',
      _loadedRoutes: [Array],
      _loadedInjector: [R3Injector],
      _loadedNgModuleFactory: [NgModuleFactory2]
    },
    _resolve: {},
    _resolvedData: {},
    _routerState: RouterStateSnapshot { _root: [TreeNode], url: '/' },
    _paramMap: undefined,
    _queryParamMap: undefined,
    _environmentInjector: R3Injector {
      parent: [R3Injector],
      source: 'Environment Injector',
      scopes: [Set],
      records: [Map],
      _ngOnDestroyHooks: [Set],
      _onDestroyHooks: [Array],
      _destroyed: false,
      injectorDefTypes: Set(0) {}
    }
  },
  type: 14
}
[ROUTER SERVER EVENT] ChildActivationEnd {
  snapshot: ActivatedRouteSnapshot {
    url: [],
    params: {},
    queryParams: {},
    fragment: null,
    data: {},
    outlet: 'primary',
    component: null,
    routeConfig: null,
    _resolve: {},
    _resolvedData: undefined,
    _routerState: RouterStateSnapshot { _root: [TreeNode], url: '/' },
    _paramMap: undefined,
    _queryParamMap: undefined,
    _environmentInjector: R3Injector {
      parent: [R3Injector],
      source: 'Environment Injector',
      scopes: [Set],
      records: [Map],
      _ngOnDestroyHooks: [Set],
      _onDestroyHooks: [Array],
      _destroyed: false,
      injectorDefTypes: Set(0) {}
    }
  },
  type: 12
}
[ROUTER SERVER EVENT] NavigationEnd { id: 1, url: '/', urlAfterRedirects: '/', type: 1 }
[ROUTER SERVER] url: /
[ROUTER SERVER] urlAfterRedirects: /
[ROUTER SERVER EVENT] Scroll {
  routerEvent: NavigationEnd { id: 1, url: '/', urlAfterRedirects: '/', type: 1 },
  position: null,
  anchor: null,
  scrollBehavior: undefined,
  type: 15
}
request /account/userinfo [Function: status]
